size,repeat,within_model,across_model,delta,comparison_defined
36,0,0.698901098901099,0.38058608058608057,0.3183150183150184,True
36,1,0.721978021978022,0.42490842490842495,0.297069597069597,True
36,2,0.6758241758241759,0.401098901098901,0.27472527472527486,True
36,3,0.3802197802197802,0.4234432234432234,-0.04322344322344318,True
36,4,0.48681318681318686,0.27765567765567767,0.2091575091575092,True
36,5,0.6395604395604395,0.5234432234432235,0.11611721611721604,True
36,6,0.6417582417582417,0.30586080586080583,0.33589743589743587,True
36,7,0.7615384615384616,0.2611721611721612,0.5003663003663004,True
36,8,0.5846153846153845,0.4443223443223443,0.14029304029304024,True
36,9,0.4934065934065934,0.5604395604395606,-0.06703296703296718,True
36,10,0.5758241758241759,0.2732600732600733,0.3025641025641026,True
36,11,0.8263736263736265,0.5410256410256409,0.28534798534798567,True
36,12,0.6120879120879121,0.5827838827838828,0.02930402930402931,True
36,13,0.4725274725274725,0.35457875457875454,0.11794871794871797,True
36,14,0.44945054945054946,0.6014652014652015,-0.15201465201465209,True
36,15,0.7065934065934065,0.27692307692307694,0.4296703296703296,True
36,16,0.7945054945054945,0.5498168498168499,0.2446886446886446,True
36,17,0.6615384615384616,0.41684981684981687,0.24468864468864476,True
36,18,0.8813186813186814,0.45531135531135536,0.42600732600732605,True
36,19,0.6527472527472528,0.4010989010989012,0.2516483516483516,True
36,20,0.5307692307692308,0.4695970695970696,0.06117216117216118,True
36,21,0.6670329670329671,0.3798534798534799,0.2871794871794872,True
36,22,0.734065934065934,0.43003663003663006,0.30402930402930395,True
36,23,0.4725274725274725,0.5402930402930403,-0.06776556776556775,True
36,24,0.776923076923077,0.5278388278388279,0.2490842490842492,True
36,25,0.510989010989011,0.48461538461538456,0.02637362637362639,True
36,26,0.38461538461538464,0.26263736263736265,0.12197802197802199,True
36,27,0.7230769230769232,0.4893772893772893,0.23369963369963387,True
36,28,0.6164835164835165,0.2593406593406593,0.3571428571428572,True
36,29,0.6175824175824176,0.20036630036630038,0.41721611721611723,True
71,0,0.823076923076923,0.45274725274725275,0.3703296703296703,True
71,1,0.8175824175824176,0.4838827838827839,0.3336996336996337,True
71,2,0.7406593406593407,0.5252747252747253,0.2153846153846154,True
71,3,0.8219780219780222,0.49743589743589745,0.3245421245421247,True
71,4,0.678021978021978,0.34175824175824177,0.3362637362637362,True
71,5,0.8032967032967033,0.5432234432234432,0.26007326007326015,True
71,6,0.7450549450549451,0.4186813186813187,0.3263736263736264,True
71,7,0.5868131868131868,0.5538461538461539,0.03296703296703296,True
71,8,0.8230769230769232,0.454945054945055,0.36813186813186816,True
71,9,0.7318681318681319,0.37875457875457874,0.3531135531135532,True
71,10,0.8384615384615384,0.441025641025641,0.39743589743589736,True
71,11,0.8835164835164835,0.5311355311355312,0.35238095238095224,True
71,12,0.7912087912087913,0.3871794871794872,0.4040293040293041,True
71,13,0.6923076923076923,0.44578754578754576,0.24652014652014653,True
71,14,0.7670329670329671,0.535164835164835,0.23186813186813204,True
71,15,0.6637362637362638,0.541025641025641,0.12271062271062283,True
71,16,0.8538461538461539,0.380952380952381,0.47289377289377293,True
71,17,0.8670329670329671,0.45457875457875463,0.41245421245421243,True
71,18,0.8461538461538463,0.547985347985348,0.2981684981684982,True
71,19,0.6681318681318681,0.5113553113553113,0.15677655677655677,True
71,20,0.6604395604395605,0.4644688644688645,0.19597069597069605,True
71,21,0.7395604395604396,0.5183150183150184,0.22124542124542124,True
71,22,0.7120879120879121,0.4915750915750916,0.2205128205128205,True
71,23,0.7329670329670329,0.5296703296703297,0.20329670329670324,True
71,24,0.7153846153846154,0.4893772893772894,0.22600732600732598,True
71,25,0.7043956043956044,0.5267399267399268,0.1776556776556777,True
71,26,0.6120879120879121,0.47912087912087914,0.132967032967033,True
71,27,0.721978021978022,0.45311355311355317,0.2688644688644688,True
71,28,0.643956043956044,0.43956043956043955,0.20439560439560445,True
71,29,0.7351648351648352,0.38388278388278385,0.35128205128205137,True
107,0,0.8604395604395605,0.6249084249084249,0.23553113553113558,True
107,1,0.7857142857142857,0.44139194139194143,0.34432234432234426,True
107,2,0.7978021978021979,0.5043956043956044,0.2934065934065935,True
107,3,0.7758241758241757,0.5970695970695971,0.17875457875457867,True
107,4,0.8153846153846155,0.5117216117216117,0.3036630036630038,True
107,5,0.7637362637362637,0.578021978021978,0.18571428571428572,True
107,6,0.676923076923077,0.4703296703296703,0.20659340659340664,True
107,7,0.6648351648351649,0.504029304029304,0.1608058608058609,True
107,8,0.8219780219780219,0.4937728937728938,0.32820512820512815,True
107,9,0.7010989010989012,0.48388278388278394,0.21721611721611722,True
107,10,0.7802197802197803,0.5743589743589743,0.20586080586080602,True
107,11,0.810989010989011,0.4798534798534798,0.3311355311355312,True
107,12,0.810989010989011,0.5098901098901099,0.30109890109890114,True
107,13,0.6978021978021978,0.4725274725274725,0.22527472527472525,True
107,14,0.8395604395604397,0.5644688644688645,0.2750915750915752,True
107,15,0.8461538461538461,0.5065934065934066,0.3395604395604396,True
107,16,0.8285714285714286,0.42600732600732605,0.4025641025641026,True
107,17,0.8461538461538463,0.5021978021978022,0.34395604395604407,True
107,18,0.8098901098901099,0.5791208791208792,0.23076923076923073,True
107,19,0.8065934065934066,0.5578754578754579,0.24871794871794872,True
107,20,0.6934065934065934,0.3714285714285714,0.321978021978022,True
107,21,0.8230769230769232,0.5036630036630036,0.3194139194139195,True
107,22,0.8912087912087912,0.6487179487179487,0.2424908424908424,True
107,23,0.7692307692307693,0.4714285714285714,0.29780219780219785,True
107,24,0.8604395604395604,0.5271062271062272,0.33333333333333315,True
107,25,0.7912087912087911,0.5018315018315018,0.28937728937728924,True
107,26,0.6604395604395604,0.5560439560439561,0.10439560439560436,True
107,27,0.8813186813186813,0.5212454212454213,0.36007326007326,True
107,28,0.7615384615384616,0.5941391941391941,0.16739926739926747,True
107,29,0.7901098901098901,0.4967032967032967,0.29340659340659336,True
