size,model,method,feature,median_rank,q05_rank,q25_rank,q75_rank,q95_rank,top3_frequency,observations
107,GBRT,PFI,electronegativity_M,8.0,4.9,7.0,10.0,11.549999999999997,0.0,30
107,GBRT,PFI,electronegativity_Mprime,11.5,6.0,8.0,12.75,13.549999999999997,0.0,30
107,GBRT,PFI,ionization_M,10.0,5.0,9.0,11.0,12.549999999999997,0.0,30
107,GBRT,PFI,ionization_Mprime,11.0,8.0,9.25,12.0,13.0,0.0,30
107,GBRT,PFI,radius_M,8.5,5.0,7.0,11.75,13.549999999999997,0.0,30
107,GBRT,PFI,radius_Mprime,9.0,5.45,7.0,10.75,12.549999999999997,0.0,30
107,GBRT,PFI,oxide_enthalpy_M,2.0,2.0,2.0,2.75,3.0,1.0,30
107,GBRT,PFI,oxide_enthalpy_Mprime,10.0,6.45,9.0,12.0,13.0,0.0,30
107,GBRT,PFI,mixing_enthalpy,6.0,4.0,5.0,6.75,13.0,0.0,30
107,GBRT,PFI,sublimation_M,4.0,1.0,2.25,6.75,10.0,0.43333333333333335,30
107,GBRT,PFI,sublimation_Mprime,14.0,12.45,14.0,14.0,14.0,0.0,30
107,GBRT,PFI,surface_energy_M,1.0,1.0,1.0,1.0,2.0,1.0,30
107,GBRT,PFI,electron_density_M,5.5,3.0,5.0,6.0,12.099999999999994,0.13333333333333333,30
107,GBRT,PFI,oxide_bandgap,4.0,3.0,3.0,4.0,5.549999999999997,0.43333333333333335,30
107,GBRT,KernelSHAP,electronegativity_M,9.0,7.0,8.0,9.0,12.549999999999997,0.0,30
107,GBRT,KernelSHAP,electronegativity_Mprime,7.0,5.45,6.0,8.0,9.549999999999997,0.03333333333333333,30
107,GBRT,KernelSHAP,ionization_M,11.0,8.45,10.0,12.75,14.0,0.0,30
107,GBRT,KernelSHAP,ionization_Mprime,13.0,11.0,12.0,14.0,14.0,0.0,30
107,GBRT,KernelSHAP,radius_M,11.0,7.0,10.0,13.0,14.0,0.0,30
107,GBRT,KernelSHAP,radius_Mprime,10.0,7.0,9.0,10.75,12.0,0.0,30
107,GBRT,KernelSHAP,oxide_enthalpy_M,3.0,2.0,3.0,4.0,5.0,0.5333333333333333,30
107,GBRT,KernelSHAP,oxide_enthalpy_Mprime,4.5,2.0,4.0,5.0,5.0,0.16666666666666666,30
107,GBRT,KernelSHAP,mixing_enthalpy,7.0,6.0,6.0,7.0,8.0,0.0,30
107,GBRT,KernelSHAP,sublimation_M,2.0,1.0,2.0,3.0,4.549999999999997,0.8,30
107,GBRT,KernelSHAP,sublimation_Mprime,12.0,7.0,10.0,13.0,14.0,0.0,30
107,GBRT,KernelSHAP,surface_energy_M,1.0,1.0,1.0,1.0,2.0,1.0,30
107,GBRT,KernelSHAP,electron_density_M,11.0,7.45,10.0,13.0,14.0,0.0,30
107,GBRT,KernelSHAP,oxide_bandgap,4.0,3.0,3.0,5.0,5.0,0.4666666666666667,30
107,LR,PFI,electronegativity_M,11.5,9.0,10.25,13.0,14.0,0.0,30
107,LR,PFI,electronegativity_Mprime,14.0,11.0,13.0,14.0,14.0,0.0,30
107,LR,PFI,ionization_M,8.0,6.0,7.0,9.75,11.0,0.0,30
107,LR,PFI,ionization_Mprime,12.0,7.45,11.0,13.0,13.0,0.0,30
107,LR,PFI,radius_M,6.0,5.0,5.0,6.75,9.549999999999997,0.0,30
107,LR,PFI,radius_Mprime,9.5,4.0,7.0,12.0,14.0,0.03333333333333333,30
107,LR,PFI,oxide_enthalpy_M,3.0,2.0,3.0,3.75,4.0,0.7333333333333333,30
107,LR,PFI,oxide_enthalpy_Mprime,4.0,2.45,3.0,4.0,4.549999999999997,0.36666666666666664,30
107,LR,PFI,mixing_enthalpy,6.0,5.0,5.0,6.75,9.099999999999994,0.0,30
107,LR,PFI,sublimation_M,9.0,5.45,8.0,10.0,12.549999999999997,0.0,30
107,LR,PFI,sublimation_Mprime,9.0,6.45,7.0,10.0,13.0,0.0,30
107,LR,PFI,surface_energy_M,1.0,1.0,1.0,1.0,1.0,1.0,30
107,LR,PFI,electron_density_M,2.0,2.0,2.0,2.75,4.549999999999997,0.8666666666666667,30
107,LR,PFI,oxide_bandgap,10.0,6.0,8.0,11.0,12.549999999999997,0.0,30
107,LR,KernelSHAP,electronegativity_M,12.0,11.0,11.0,12.0,14.0,0.0,30
107,LR,KernelSHAP,electronegativity_Mprime,13.0,7.0,10.0,14.0,14.0,0.0,30
107,LR,KernelSHAP,ionization_M,8.0,6.0,7.0,9.75,10.0,0.0,30
107,LR,KernelSHAP,ionization_Mprime,13.0,11.45,13.0,14.0,14.0,0.0,30
107,LR,KernelSHAP,radius_M,7.0,5.0,6.0,8.0,11.649999999999991,0.0,30
107,LR,KernelSHAP,radius_Mprime,7.5,3.45,6.0,10.0,13.549999999999997,0.06666666666666667,30
107,LR,KernelSHAP,oxide_enthalpy_M,3.0,2.0,2.25,4.0,4.0,0.6,30
107,LR,KernelSHAP,oxide_enthalpy_Mprime,3.0,2.0,3.0,4.0,5.0,0.6333333333333333,30
107,LR,KernelSHAP,mixing_enthalpy,9.0,6.0,7.25,10.0,11.0,0.0,30
107,LR,KernelSHAP,sublimation_M,9.0,6.0,8.0,11.0,13.0,0.0,30
107,LR,KernelSHAP,sublimation_Mprime,5.0,4.0,5.0,6.0,8.549999999999997,0.0,30
107,LR,KernelSHAP,surface_energy_M,1.0,1.0,1.0,1.0,1.0,1.0,30
107,LR,KernelSHAP,electron_density_M,2.0,2.0,2.0,4.0,7.549999999999997,0.7,30
107,LR,KernelSHAP,oxide_bandgap,11.0,5.0,9.0,12.0,12.549999999999997,0.0,30
107,RF,PFI,electronegativity_M,9.0,6.45,8.0,11.0,13.0,0.0,30
107,RF,PFI,electronegativity_Mprime,12.0,7.45,11.0,13.0,14.0,0.0,30
107,RF,PFI,ionization_M,10.0,6.0,8.0,11.0,11.0,0.0,30
107,RF,PFI,ionization_Mprime,11.0,7.45,9.25,12.0,13.0,0.0,30
107,RF,PFI,radius_M,5.0,2.0,4.25,5.75,7.0,0.13333333333333333,30
107,RF,PFI,radius_Mprime,11.0,8.0,9.25,12.75,14.0,0.0,30
107,RF,PFI,oxide_enthalpy_M,2.0,2.0,2.0,3.0,4.0,0.9,30
107,RF,PFI,oxide_enthalpy_Mprime,8.0,6.0,7.0,10.0,12.099999999999994,0.0,30
107,RF,PFI,mixing_enthalpy,6.0,4.45,6.0,7.0,9.0,0.0,30
107,RF,PFI,sublimation_M,3.0,1.0,2.0,3.0,4.549999999999997,0.8666666666666667,30
107,RF,PFI,sublimation_Mprime,14.0,9.45,12.0,14.0,14.0,0.0,30
107,RF,PFI,surface_energy_M,1.0,1.0,1.0,1.0,2.0,1.0,30
107,RF,PFI,electron_density_M,8.0,5.0,7.0,12.75,14.0,0.0,30
107,RF,PFI,oxide_bandgap,4.0,3.0,4.0,5.0,7.099999999999994,0.1,30
107,RF,KernelSHAP,electronegativity_M,9.5,7.45,8.25,10.0,11.0,0.0,30
107,RF,KernelSHAP,electronegativity_Mprime,7.5,4.45,7.0,8.75,10.0,0.0,30
107,RF,KernelSHAP,ionization_M,13.0,11.0,12.0,13.0,14.0,0.0,30
107,RF,KernelSHAP,ionization_Mprime,13.0,11.0,12.0,14.0,14.0,0.0,30
107,RF,KernelSHAP,radius_M,6.0,3.0,5.0,7.75,9.0,0.13333333333333333,30
107,RF,KernelSHAP,radius_Mprime,10.0,8.0,9.25,10.75,13.0,0.0,30
107,RF,KernelSHAP,oxide_enthalpy_M,3.0,2.0,3.0,4.0,5.0,0.6333333333333333,30
107,RF,KernelSHAP,oxide_enthalpy_Mprime,5.0,4.0,5.0,6.0,8.549999999999997,0.0,30
107,RF,KernelSHAP,mixing_enthalpy,10.0,7.0,9.0,11.0,12.0,0.0,30
107,RF,KernelSHAP,sublimation_M,2.0,1.0,2.0,2.0,3.0,0.9666666666666667,30
107,RF,KernelSHAP,sublimation_Mprime,13.0,11.0,12.0,14.0,14.0,0.0,30
107,RF,KernelSHAP,surface_energy_M,1.0,1.0,1.0,1.0,2.0,1.0,30
107,RF,KernelSHAP,electron_density_M,7.0,5.0,6.0,8.0,10.549999999999997,0.0,30
107,RF,KernelSHAP,oxide_bandgap,4.0,3.0,3.25,5.0,6.549999999999997,0.26666666666666666,30
107,SVR,PFI,electronegativity_M,5.0,3.0,4.0,6.75,9.549999999999997,0.1,30
107,SVR,PFI,electronegativity_Mprime,9.0,5.45,7.0,10.75,13.0,0.0,30
107,SVR,PFI,ionization_M,12.5,9.0,10.25,13.0,14.0,0.0,30
107,SVR,PFI,ionization_Mprime,11.0,8.0,9.0,14.0,14.0,0.0,30
107,SVR,PFI,radius_M,3.0,3.0,3.0,4.0,4.549999999999997,0.7,30
107,SVR,PFI,radius_Mprime,10.0,4.0,6.0,12.0,14.0,0.03333333333333333,30
107,SVR,PFI,oxide_enthalpy_M,2.0,2.0,2.0,2.0,2.0,1.0,30
107,SVR,PFI,oxide_enthalpy_Mprime,6.0,3.0,4.25,6.0,7.0,0.13333333333333333,30
107,SVR,PFI,mixing_enthalpy,9.0,6.0,8.0,11.0,13.0,0.0,30
107,SVR,PFI,sublimation_M,6.5,4.0,5.0,9.0,13.0,0.03333333333333333,30
107,SVR,PFI,sublimation_Mprime,10.0,7.0,8.0,12.0,14.0,0.0,30
107,SVR,PFI,surface_energy_M,1.0,1.0,1.0,1.0,1.0,1.0,30
107,SVR,PFI,electron_density_M,12.0,9.0,11.0,13.0,14.0,0.0,30
107,SVR,PFI,oxide_bandgap,7.0,5.0,5.25,9.75,12.0,0.0,30
107,SVR,KernelSHAP,electronegativity_M,6.0,4.0,5.0,7.0,11.099999999999994,0.0,30
107,SVR,KernelSHAP,electronegativity_Mprime,10.0,7.0,8.0,12.0,13.0,0.0,30
107,SVR,KernelSHAP,ionization_M,9.0,6.0,7.25,11.0,12.549999999999997,0.0,30
107,SVR,KernelSHAP,ionization_Mprime,13.0,12.0,13.0,14.0,14.0,0.0,30
107,SVR,KernelSHAP,radius_M,3.0,3.0,3.0,4.0,5.099999999999994,0.6333333333333333,30
107,SVR,KernelSHAP,radius_Mprime,9.0,3.0,6.0,11.0,14.0,0.1,30
107,SVR,KernelSHAP,oxide_enthalpy_M,2.0,2.0,2.0,2.0,2.0,1.0,30
107,SVR,KernelSHAP,oxide_enthalpy_Mprime,5.0,3.0,4.0,6.0,7.0,0.2,30
107,SVR,KernelSHAP,mixing_enthalpy,11.0,7.45,9.25,12.0,14.0,0.0,30
107,SVR,KernelSHAP,sublimation_M,5.0,4.0,4.25,7.0,11.099999999999994,0.03333333333333333,30
107,SVR,KernelSHAP,sublimation_Mprime,10.5,7.45,9.0,11.75,13.0,0.0,30
107,SVR,KernelSHAP,surface_energy_M,1.0,1.0,1.0,1.0,1.0,1.0,30
107,SVR,KernelSHAP,electron_density_M,11.0,7.0,10.0,12.75,14.0,0.0,30
107,SVR,KernelSHAP,oxide_bandgap,8.0,4.0,6.25,9.75,11.549999999999997,0.03333333333333333,30
36,GBRT,PFI,electronegativity_M,8.0,4.45,6.0,10.0,13.0,0.0,30
36,GBRT,PFI,electronegativity_Mprime,11.0,7.0,9.25,12.0,14.0,0.0,30
36,GBRT,PFI,ionization_M,11.0,4.9,9.0,12.0,13.549999999999997,0.03333333333333333,30
36,GBRT,PFI,ionization_Mprime,9.0,4.45,8.0,12.0,14.0,0.0,30
36,GBRT,PFI,radius_M,5.0,1.0,2.0,7.5,10.099999999999994,0.4,30
36,GBRT,PFI,radius_Mprime,11.5,5.45,9.0,13.0,14.0,0.03333333333333333,30
36,GBRT,PFI,oxide_enthalpy_M,3.0,2.0,3.0,4.75,7.0,0.5333333333333333,30
36,GBRT,PFI,oxide_enthalpy_Mprime,9.5,3.45,7.0,11.75,14.0,0.06666666666666667,30
36,GBRT,PFI,mixing_enthalpy,6.0,3.0,5.0,7.75,12.099999999999994,0.1,30
36,GBRT,PFI,sublimation_M,3.0,1.4500000000000002,2.0,5.5,14.0,0.6333333333333333,30
36,GBRT,PFI,sublimation_Mprime,11.0,7.0,9.25,12.0,14.0,0.0,30
36,GBRT,PFI,surface_energy_M,1.0,1.0,1.0,2.0,4.549999999999997,0.8666666666666667,30
36,GBRT,PFI,electron_density_M,7.5,3.0,4.25,10.0,13.549999999999997,0.13333333333333333,30
36,GBRT,PFI,oxide_bandgap,5.0,2.0,4.0,9.25,13.549999999999997,0.2,30
36,GBRT,KernelSHAP,electronegativity_M,10.0,4.45,7.0,12.75,14.0,0.03333333333333333,30
36,GBRT,KernelSHAP,electronegativity_Mprime,7.0,2.0,3.25,10.0,14.0,0.26666666666666666,30
36,GBRT,KernelSHAP,ionization_M,11.0,3.9000000000000004,7.25,12.0,14.0,0.06666666666666667,30
36,GBRT,KernelSHAP,ionization_Mprime,11.0,7.45,10.0,13.0,14.0,0.0,30
36,GBRT,KernelSHAP,radius_M,6.0,1.0,2.25,8.75,13.549999999999997,0.36666666666666664,30
36,GBRT,KernelSHAP,radius_Mprime,9.5,4.0,7.0,11.0,13.0,0.0,30
36,GBRT,KernelSHAP,oxide_enthalpy_M,5.0,2.0,3.25,8.0,13.0,0.26666666666666666,30
36,GBRT,KernelSHAP,oxide_enthalpy_Mprime,6.5,3.0,4.0,9.75,13.549999999999997,0.16666666666666666,30
36,GBRT,KernelSHAP,mixing_enthalpy,7.0,3.0,5.25,9.75,12.0,0.1,30
36,GBRT,KernelSHAP,sublimation_M,3.0,1.4500000000000002,2.0,6.0,11.099999999999994,0.5333333333333333,30
36,GBRT,KernelSHAP,sublimation_Mprime,10.5,6.0,9.0,13.0,14.0,0.0,30
36,GBRT,KernelSHAP,surface_energy_M,1.0,1.0,1.0,2.0,3.549999999999997,0.9333333333333333,30
36,GBRT,KernelSHAP,electron_density_M,10.0,3.9000000000000004,8.0,11.75,14.0,0.06666666666666667,30
36,GBRT,KernelSHAP,oxide_bandgap,5.0,2.45,4.0,6.75,9.0,0.2,30
36,LR,PFI,electronegativity_M,8.5,2.0,6.25,11.0,14.0,0.13333333333333333,30
36,LR,PFI,electronegativity_Mprime,11.0,5.45,8.0,13.75,14.0,0.0,30
36,LR,PFI,ionization_M,9.0,4.0,6.0,10.75,13.549999999999997,0.03333333333333333,30
36,LR,PFI,ionization_Mprime,11.0,6.45,9.0,12.0,13.549999999999997,0.0,30
36,LR,PFI,radius_M,8.0,4.0,5.0,10.0,13.0,0.03333333333333333,30
36,LR,PFI,radius_Mprime,9.0,2.0,6.25,11.5,13.549999999999997,0.13333333333333333,30
36,LR,PFI,oxide_enthalpy_M,3.0,1.0,2.0,6.75,11.549999999999997,0.5333333333333333,30
36,LR,PFI,oxide_enthalpy_Mprime,5.0,2.0,3.0,7.0,11.0,0.43333333333333335,30
36,LR,PFI,mixing_enthalpy,6.0,3.0,4.0,10.0,13.549999999999997,0.1,30
36,LR,PFI,sublimation_M,7.0,3.0,4.0,9.75,14.0,0.16666666666666666,30
36,LR,PFI,sublimation_Mprime,6.5,5.0,5.25,12.0,14.0,0.0,30
36,LR,PFI,surface_energy_M,1.0,1.0,1.0,1.0,2.549999999999997,0.9666666666666667,30
36,LR,PFI,electron_density_M,4.0,2.0,2.0,10.0,12.549999999999997,0.43333333333333335,30
36,LR,PFI,oxide_bandgap,10.0,4.45,7.25,12.0,13.549999999999997,0.03333333333333333,30
36,LR,KernelSHAP,electronegativity_M,10.0,3.45,7.25,11.0,14.0,0.06666666666666667,30
36,LR,KernelSHAP,electronegativity_Mprime,9.5,2.9000000000000004,7.25,11.0,13.549999999999997,0.06666666666666667,30
36,LR,KernelSHAP,ionization_M,8.0,4.0,5.25,10.0,13.0,0.03333333333333333,30
36,LR,KernelSHAP,ionization_Mprime,12.0,7.0,10.0,13.0,14.0,0.0,30
36,LR,KernelSHAP,radius_M,8.5,2.45,5.25,10.75,14.0,0.13333333333333333,30
36,LR,KernelSHAP,radius_Mprime,8.0,2.45,5.0,9.0,13.0,0.13333333333333333,30
36,LR,KernelSHAP,oxide_enthalpy_M,4.0,2.0,2.25,7.0,13.0,0.4,30
36,LR,KernelSHAP,oxide_enthalpy_Mprime,4.5,2.0,3.0,7.0,13.099999999999994,0.4,30
36,LR,KernelSHAP,mixing_enthalpy,8.0,4.0,6.0,11.75,14.0,0.03333333333333333,30
36,LR,KernelSHAP,sublimation_M,7.0,3.0,5.0,11.0,13.0,0.13333333333333333,30
36,LR,KernelSHAP,sublimation_Mprime,6.0,2.45,4.0,9.0,12.549999999999997,0.2,30
36,LR,KernelSHAP,surface_energy_M,1.0,1.0,1.0,1.0,2.0999999999999943,0.9666666666666667,30
36,LR,KernelSHAP,electron_density_M,4.5,2.0,2.0,10.0,13.0,0.36666666666666664,30
36,LR,KernelSHAP,oxide_bandgap,11.0,3.45,8.25,13.0,14.0,0.06666666666666667,30
36,RF,PFI,electronegativity_M,8.0,5.0,6.0,10.0,14.0,0.0,30
36,RF,PFI,electronegativity_Mprime,12.0,9.0,10.0,13.0,14.0,0.0,30
36,RF,PFI,ionization_M,9.0,6.0,7.0,11.75,13.0,0.0,30
36,RF,PFI,ionization_Mprime,11.0,7.0,8.25,12.75,14.0,0.0,30
36,RF,PFI,radius_M,3.0,1.0,2.0,4.0,9.549999999999997,0.6,30
36,RF,PFI,radius_Mprime,12.0,8.0,11.0,13.0,14.0,0.0,30
36,RF,PFI,oxide_enthalpy_M,3.0,2.0,3.0,4.0,5.0,0.6333333333333333,30
36,RF,PFI,oxide_enthalpy_Mprime,9.0,4.9,8.0,10.0,13.0,0.03333333333333333,30
36,RF,PFI,mixing_enthalpy,6.0,3.45,5.25,7.75,10.549999999999997,0.06666666666666667,30
36,RF,PFI,sublimation_M,3.0,1.0,2.0,4.75,9.099999999999994,0.6,30
36,RF,PFI,sublimation_Mprime,10.0,6.45,8.0,11.0,13.0,0.0,30
36,RF,PFI,surface_energy_M,1.0,1.0,1.0,2.0,3.549999999999997,0.9333333333333333,30
36,RF,PFI,electron_density_M,9.0,3.45,5.0,13.0,14.0,0.06666666666666667,30
36,RF,PFI,oxide_bandgap,5.5,3.45,4.25,7.75,12.549999999999997,0.06666666666666667,30
36,RF,KernelSHAP,electronegativity_M,10.5,5.45,8.25,12.75,14.0,0.03333333333333333,30
36,RF,KernelSHAP,electronegativity_Mprime,7.0,1.9000000000000004,5.0,9.0,12.549999999999997,0.13333333333333333,30
36,RF,KernelSHAP,ionization_M,13.0,5.9,10.25,14.0,14.0,0.0,30
36,RF,KernelSHAP,ionization_Mprime,10.5,4.45,9.0,13.0,14.0,0.03333333333333333,30
36,RF,KernelSHAP,radius_M,4.0,1.4500000000000002,2.0,5.0,7.549999999999997,0.43333333333333335,30
36,RF,KernelSHAP,radius_Mprime,8.5,4.0,7.0,12.0,13.549999999999997,0.03333333333333333,30
36,RF,KernelSHAP,oxide_enthalpy_M,6.0,3.0,5.0,7.0,9.549999999999997,0.16666666666666666,30
36,RF,KernelSHAP,oxide_enthalpy_Mprime,9.0,3.0,8.0,11.0,13.549999999999997,0.13333333333333333,30
36,RF,KernelSHAP,mixing_enthalpy,10.0,4.45,8.0,11.75,13.549999999999997,0.0,30
36,RF,KernelSHAP,sublimation_M,2.5,1.0,2.0,4.75,9.099999999999994,0.6333333333333333,30
36,RF,KernelSHAP,sublimation_Mprime,11.0,7.45,10.0,12.75,13.549999999999997,0.0,30
36,RF,KernelSHAP,surface_energy_M,1.0,1.0,1.0,1.75,3.549999999999997,0.9333333333333333,30
36,RF,KernelSHAP,electron_density_M,4.0,2.0,3.0,6.0,8.0,0.4,30
36,RF,KernelSHAP,oxide_bandgap,7.0,3.45,6.0,10.0,12.0,0.06666666666666667,30
36,SVR,PFI,electronegativity_M,5.0,1.4500000000000002,3.0,7.75,11.549999999999997,0.3,30
36,SVR,PFI,electronegativity_Mprime,11.0,4.0,7.25,12.0,14.0,0.03333333333333333,30
36,SVR,PFI,ionization_M,11.5,6.0,10.0,13.0,14.0,0.0,30
36,SVR,PFI,ionization_Mprime,11.5,5.0,7.25,14.0,14.0,0.0,30
36,SVR,PFI,radius_M,8.0,3.45,5.25,9.0,12.0,0.06666666666666667,30
36,SVR,PFI,radius_Mprime,10.0,5.0,8.0,11.0,13.0,0.0,30
36,SVR,PFI,oxide_enthalpy_M,2.0,1.0,1.0,2.0,3.0999999999999943,0.9333333333333333,30
36,SVR,PFI,oxide_enthalpy_Mprime,6.0,2.0,4.0,7.75,11.0,0.23333333333333334,30
36,SVR,PFI,mixing_enthalpy,8.5,4.0,5.25,11.0,13.0,0.03333333333333333,30
36,SVR,PFI,sublimation_M,7.0,2.45,3.0,9.75,13.0,0.3333333333333333,30
36,SVR,PFI,sublimation_Mprime,8.0,3.45,6.25,10.75,14.0,0.06666666666666667,30
36,SVR,PFI,surface_energy_M,1.5,1.0,1.0,3.0,6.0,0.8,30
36,SVR,PFI,electron_density_M,10.0,2.45,8.0,13.0,14.0,0.13333333333333333,30
36,SVR,PFI,oxide_bandgap,6.5,3.45,5.0,9.0,13.549999999999997,0.06666666666666667,30
36,SVR,KernelSHAP,electronegativity_M,7.0,3.0,5.0,9.0,10.549999999999997,0.1,30
36,SVR,KernelSHAP,electronegativity_Mprime,9.0,3.0,6.25,11.0,14.0,0.13333333333333333,30
36,SVR,KernelSHAP,ionization_M,10.0,4.0,8.0,12.0,14.0,0.03333333333333333,30
36,SVR,KernelSHAP,ionization_Mprime,12.0,5.0,10.0,13.0,14.0,0.0,30
36,SVR,KernelSHAP,radius_M,9.0,4.0,7.0,11.0,14.0,0.0,30
36,SVR,KernelSHAP,radius_Mprime,10.0,4.0,7.0,13.0,14.0,0.03333333333333333,30
36,SVR,KernelSHAP,oxide_enthalpy_M,3.0,1.0,2.0,4.0,6.0,0.6666666666666666,30
36,SVR,KernelSHAP,oxide_enthalpy_Mprime,4.5,1.4500000000000002,3.0,8.75,11.099999999999994,0.43333333333333335,30
36,SVR,KernelSHAP,mixing_enthalpy,9.5,5.0,6.25,12.0,14.0,0.0,30
36,SVR,KernelSHAP,sublimation_M,5.5,2.0,3.0,10.25,13.0,0.3,30
36,SVR,KernelSHAP,sublimation_Mprime,6.0,3.0,4.25,10.0,11.549999999999997,0.1,30
36,SVR,KernelSHAP,surface_energy_M,1.0,1.0,1.0,1.75,3.549999999999997,0.9333333333333333,30
36,SVR,KernelSHAP,electron_density_M,7.5,1.4500000000000002,5.25,12.0,14.0,0.16666666666666666,30
36,SVR,KernelSHAP,oxide_bandgap,8.0,3.0,6.25,12.0,13.0,0.1,30
71,GBRT,PFI,electronegativity_M,9.0,6.0,8.0,10.75,12.0,0.0,30
71,GBRT,PFI,electronegativity_Mprime,11.0,4.45,9.0,13.0,14.0,0.03333333333333333,30
71,GBRT,PFI,ionization_M,9.0,4.45,7.0,11.0,12.549999999999997,0.0,30
71,GBRT,PFI,ionization_Mprime,11.0,8.0,10.0,12.75,13.0,0.0,30
71,GBRT,PFI,radius_M,8.0,4.0,6.0,11.0,13.0,0.03333333333333333,30
71,GBRT,PFI,radius_Mprime,10.0,6.0,8.0,12.0,14.0,0.0,30
71,GBRT,PFI,oxide_enthalpy_M,3.0,2.0,2.0,3.0,4.549999999999997,0.8333333333333334,30
71,GBRT,PFI,oxide_enthalpy_Mprime,9.5,5.0,7.0,12.0,13.0,0.0,30
71,GBRT,PFI,mixing_enthalpy,6.0,3.45,5.0,9.5,14.0,0.06666666666666667,30
71,GBRT,PFI,sublimation_M,2.0,1.0,2.0,3.0,5.0,0.8,30
71,GBRT,PFI,sublimation_Mprime,13.0,7.45,12.0,14.0,14.0,0.0,30
71,GBRT,PFI,surface_energy_M,1.0,1.0,1.0,1.0,2.0,1.0,30
71,GBRT,PFI,electron_density_M,7.0,3.45,5.25,8.0,9.549999999999997,0.06666666666666667,30
71,GBRT,PFI,oxide_bandgap,4.0,2.45,4.0,5.0,7.099999999999994,0.16666666666666666,30
71,GBRT,KernelSHAP,electronegativity_M,10.0,5.45,8.0,11.75,13.549999999999997,0.0,30
71,GBRT,KernelSHAP,electronegativity_Mprime,7.0,3.0,5.0,9.0,11.099999999999994,0.1,30
71,GBRT,KernelSHAP,ionization_M,12.0,8.0,9.0,13.0,14.0,0.0,30
71,GBRT,KernelSHAP,ionization_Mprime,12.0,8.0,10.25,13.0,14.0,0.0,30
71,GBRT,KernelSHAP,radius_M,10.5,6.0,7.25,12.0,14.0,0.0,30
71,GBRT,KernelSHAP,radius_Mprime,9.0,6.0,8.0,10.0,13.099999999999994,0.0,30
71,GBRT,KernelSHAP,oxide_enthalpy_M,3.0,2.0,3.0,5.0,7.0,0.5666666666666667,30
71,GBRT,KernelSHAP,oxide_enthalpy_Mprime,5.0,2.45,4.0,6.0,7.0,0.23333333333333334,30
71,GBRT,KernelSHAP,mixing_enthalpy,6.0,4.0,5.0,7.0,8.0,0.0,30
71,GBRT,KernelSHAP,sublimation_M,2.0,1.0,1.25,3.0,4.0,0.8666666666666667,30
71,GBRT,KernelSHAP,sublimation_Mprime,11.0,8.0,10.0,13.0,13.0,0.0,30
71,GBRT,KernelSHAP,surface_energy_M,1.0,1.0,1.0,1.75,2.0,1.0,30
71,GBRT,KernelSHAP,electron_density_M,12.0,7.45,11.0,13.75,14.0,0.0,30
71,GBRT,KernelSHAP,oxide_bandgap,4.0,3.0,4.0,5.0,6.0,0.23333333333333334,30
71,LR,PFI,electronegativity_M,10.0,5.0,8.0,12.75,14.0,0.0,30
71,LR,PFI,electronegativity_Mprime,13.5,8.45,12.0,14.0,14.0,0.0,30
71,LR,PFI,ionization_M,8.0,5.45,7.0,9.0,11.549999999999997,0.03333333333333333,30
71,LR,PFI,ionization_Mprime,12.0,7.0,9.0,13.0,14.0,0.0,30
71,LR,PFI,radius_M,7.0,5.0,5.0,9.0,10.0,0.03333333333333333,30
71,LR,PFI,radius_Mprime,10.0,3.0,5.25,12.0,13.0,0.1,30
71,LR,PFI,oxide_enthalpy_M,3.0,2.0,2.25,4.75,6.549999999999997,0.5333333333333333,30
71,LR,PFI,oxide_enthalpy_Mprime,3.5,2.0,3.0,4.0,6.549999999999997,0.5,30
71,LR,PFI,mixing_enthalpy,5.5,3.0,5.0,6.75,9.099999999999994,0.1,30
71,LR,PFI,sublimation_M,10.0,7.0,9.0,11.0,13.099999999999994,0.0,30
71,LR,PFI,sublimation_Mprime,10.0,5.45,9.0,11.75,14.0,0.0,30
71,LR,PFI,surface_energy_M,1.0,1.0,1.0,1.0,1.0,1.0,30
71,LR,PFI,electron_density_M,2.0,2.0,2.0,4.0,12.099999999999994,0.7,30
71,LR,PFI,oxide_bandgap,10.0,5.0,7.0,12.0,13.0,0.0,30
71,LR,KernelSHAP,electronegativity_M,11.0,6.45,9.0,13.0,14.0,0.0,30
71,LR,KernelSHAP,electronegativity_Mprime,12.0,5.0,9.25,13.0,14.0,0.0,30
71,LR,KernelSHAP,ionization_M,9.0,5.0,6.25,10.0,11.0,0.03333333333333333,30
71,LR,KernelSHAP,ionization_Mprime,13.0,8.45,11.0,14.0,14.0,0.0,30
71,LR,KernelSHAP,radius_M,7.5,4.0,6.0,10.0,12.0,0.03333333333333333,30
71,LR,KernelSHAP,radius_Mprime,8.0,3.0,5.0,10.75,12.549999999999997,0.2,30
71,LR,KernelSHAP,oxide_enthalpy_M,4.0,2.0,2.0,4.75,7.6499999999999915,0.43333333333333335,30
71,LR,KernelSHAP,oxide_enthalpy_Mprime,3.0,2.0,2.25,4.0,6.549999999999997,0.6333333333333333,30
71,LR,KernelSHAP,mixing_enthalpy,8.0,5.45,7.0,9.75,11.549999999999997,0.0,30
71,LR,KernelSHAP,sublimation_M,10.0,6.45,9.0,12.0,13.0,0.0,30
71,LR,KernelSHAP,sublimation_Mprime,6.0,3.0,5.0,7.0,9.0,0.1,30
71,LR,KernelSHAP,surface_energy_M,1.0,1.0,1.0,1.0,1.0,1.0,30
71,LR,KernelSHAP,electron_density_M,3.0,2.0,2.0,5.0,12.099999999999994,0.5666666666666667,30
71,LR,KernelSHAP,oxide_bandgap,11.0,4.45,7.0,13.0,14.0,0.0,30
71,RF,PFI,electronegativity_M,9.0,5.45,8.0,12.0,13.549999999999997,0.0,30
71,RF,PFI,electronegativity_Mprime,13.0,7.0,10.25,13.75,14.0,0.0,30
71,RF,PFI,ionization_M,9.0,6.0,8.0,11.0,12.0,0.0,30
71,RF,PFI,ionization_Mprime,12.0,8.0,9.0,13.0,14.0,0.0,30
71,RF,PFI,radius_M,5.0,2.0,4.0,6.0,12.0,0.23333333333333334,30
71,RF,PFI,radius_Mprime,12.0,7.45,10.25,13.75,14.0,0.0,30
71,RF,PFI,oxide_enthalpy_M,3.0,1.4500000000000002,2.0,3.0,4.0,0.8666666666666667,30
71,RF,PFI,oxide_enthalpy_Mprime,8.5,5.0,7.0,10.0,11.0,0.0,30
71,RF,PFI,mixing_enthalpy,6.5,4.0,5.25,7.75,9.549999999999997,0.03333333333333333,30
71,RF,PFI,sublimation_M,2.0,1.0,2.0,3.0,4.0,0.8666666666666667,30
71,RF,PFI,sublimation_Mprime,11.0,6.9,10.25,12.0,14.0,0.0,30
71,RF,PFI,surface_energy_M,1.0,1.0,1.0,1.0,2.0,0.9666666666666667,30
71,RF,PFI,electron_density_M,9.0,4.45,6.0,11.5,14.0,0.0,30
71,RF,PFI,oxide_bandgap,5.0,4.0,4.0,6.0,9.549999999999997,0.03333333333333333,30
71,RF,KernelSHAP,electronegativity_M,10.0,6.0,8.0,10.0,12.0,0.0,30
71,RF,KernelSHAP,electronegativity_Mprime,7.0,3.45,5.25,8.0,9.549999999999997,0.06666666666666667,30
71,RF,KernelSHAP,ionization_M,14.0,11.45,12.25,14.0,14.0,0.0,30
71,RF,KernelSHAP,ionization_Mprime,12.0,10.0,11.0,14.0,14.0,0.0,30
71,RF,KernelSHAP,radius_M,5.5,3.0,4.0,8.0,10.549999999999997,0.16666666666666666,30
71,RF,KernelSHAP,radius_Mprime,9.5,6.0,9.0,11.75,13.549999999999997,0.03333333333333333,30
71,RF,KernelSHAP,oxide_enthalpy_M,3.5,3.0,3.0,4.0,7.549999999999997,0.5,30
71,RF,KernelSHAP,oxide_enthalpy_Mprime,7.0,3.45,5.0,8.0,10.0,0.06666666666666667,30
71,RF,KernelSHAP,mixing_enthalpy,10.0,5.0,9.0,11.0,12.0,0.0,30
71,RF,KernelSHAP,sublimation_M,2.0,1.0,2.0,2.0,3.549999999999997,0.9333333333333333,30
71,RF,KernelSHAP,sublimation_Mprime,13.0,9.0,12.0,13.0,13.549999999999997,0.0,30
71,RF,KernelSHAP,surface_energy_M,1.0,1.0,1.0,1.0,2.0,1.0,30
71,RF,KernelSHAP,electron_density_M,6.0,3.45,5.25,8.0,10.099999999999994,0.06666666666666667,30
71,RF,KernelSHAP,oxide_bandgap,5.0,3.0,4.0,6.75,9.549999999999997,0.16666666666666666,30
71,SVR,PFI,electronegativity_M,5.0,2.0,4.0,6.75,10.0,0.23333333333333334,30
71,SVR,PFI,electronegativity_Mprime,10.0,5.45,9.0,11.0,13.549999999999997,0.0,30
71,SVR,PFI,ionization_M,11.5,7.45,9.25,13.0,14.0,0.0,30
71,SVR,PFI,ionization_Mprime,11.0,7.0,8.25,13.0,14.0,0.0,30
71,SVR,PFI,radius_M,4.0,3.0,3.0,5.0,9.0,0.4,30
71,SVR,PFI,radius_Mprime,10.0,4.45,6.0,12.75,14.0,0.0,30
71,SVR,PFI,oxide_enthalpy_M,2.0,1.0,2.0,2.0,2.549999999999997,1.0,30
71,SVR,PFI,oxide_enthalpy_Mprime,6.0,4.0,5.0,8.0,9.549999999999997,0.0,30
71,SVR,PFI,mixing_enthalpy,7.5,5.0,6.0,11.0,12.549999999999997,0.03333333333333333,30
71,SVR,PFI,sublimation_M,7.0,3.0,4.0,9.75,13.549999999999997,0.2,30
71,SVR,PFI,sublimation_Mprime,9.5,6.0,7.0,11.75,14.0,0.0,30
71,SVR,PFI,surface_energy_M,1.0,1.0,1.0,1.0,2.549999999999997,0.9666666666666667,30
71,SVR,PFI,electron_density_M,12.0,5.9,9.25,13.0,14.0,0.03333333333333333,30
71,SVR,PFI,oxide_bandgap,8.0,3.0,6.0,10.0,13.0,0.13333333333333333,30
71,SVR,KernelSHAP,electronegativity_M,6.0,4.0,4.25,8.0,10.0,0.03333333333333333,30
71,SVR,KernelSHAP,electronegativity_Mprime,10.0,4.45,7.25,11.75,13.0,0.0,30
71,SVR,KernelSHAP,ionization_M,9.0,6.0,7.25,10.75,12.549999999999997,0.0,30
71,SVR,KernelSHAP,ionization_Mprime,13.0,11.0,13.0,14.0,14.0,0.0,30
71,SVR,KernelSHAP,radius_M,4.0,2.0,3.0,5.0,9.649999999999991,0.3333333333333333,30
71,SVR,KernelSHAP,radius_Mprime,9.0,3.0,5.0,12.0,14.0,0.1,30
71,SVR,KernelSHAP,oxide_enthalpy_M,2.0,2.0,2.0,2.75,3.0,0.9666666666666667,30
71,SVR,KernelSHAP,oxide_enthalpy_Mprime,5.0,2.45,3.25,6.0,10.0,0.26666666666666666,30
71,SVR,KernelSHAP,mixing_enthalpy,11.0,5.45,8.25,12.0,14.0,0.0,30
71,SVR,KernelSHAP,sublimation_M,6.0,3.0,4.0,8.0,12.0,0.2,30
71,SVR,KernelSHAP,sublimation_Mprime,10.0,6.0,7.25,11.0,13.0,0.0,30
71,SVR,KernelSHAP,surface_energy_M,1.0,1.0,1.0,1.0,2.0999999999999943,1.0,30
71,SVR,KernelSHAP,electron_density_M,10.0,6.45,8.0,12.75,14.0,0.03333333333333333,30
71,SVR,KernelSHAP,oxide_bandgap,8.0,3.45,6.25,11.0,12.549999999999997,0.06666666666666667,30
