model,size,repeat,is_reference,mae,r2,fit_seconds,PFI_seconds,KernelSHAP_seconds
GBRT,107,0,False,0.13706812211116862,0.8202406591916707,0.09531659993808717,0.213274999987334,0.8384576999815181
LR,107,0,False,0.209957735117421,0.6200215979198807,0.001105500035919249,0.12376139999832958,0.23032969993073493
RF,107,0,False,0.19918126776108086,0.674678347603047,0.036453899927437305,1.065857700072229,0.8491258999565616
SVR,107,0,False,0.1558261959155099,0.8117648917152782,0.0021449000341817737,0.1744318000273779,1.2727509000105783
GBRT,107,10,False,0.15111025836265346,0.7759109741869927,0.09025330003350973,0.19995300006121397,0.8070761999115348
LR,107,10,False,0.17918999344332798,0.7441270371814208,0.0010501999640837312,0.12981780001427978,0.2401600000448525
RF,107,10,False,0.14640789369200347,0.8290434615872555,0.03895040007773787,1.086408199975267,0.8247768000001088
SVR,107,10,False,0.13580764545026494,0.8346990125191351,0.0020194000098854303,0.17554379999637604,1.1701602999819443
GBRT,107,11,False,0.15510369997647933,0.7605550582684899,0.0987841000314802,0.20324080006685108,0.8310095999622717
LR,107,11,False,0.20278014955685436,0.6626361470257429,0.0010544999968260527,0.12483099999371916,0.24317549995612353
RF,107,11,False,0.15935977634360077,0.7954855289312482,0.03673659998457879,1.06731850001961,0.8623762000352144
SVR,107,11,False,0.14955830840294693,0.8050267875496474,0.002080800011754036,0.17898689990397543,1.2678333999356255
GBRT,107,12,False,0.13700234746024353,0.8380098072750645,0.09003520000260323,0.2000407000305131,0.8138067000545561
LR,107,12,False,0.20559970613548004,0.6493212403463738,0.0009893999667838216,0.12227689998690039,0.230856699985452
RF,107,12,False,0.1560548217487464,0.8109455336653174,0.0362591000739485,1.0822814999846742,0.868030900019221
SVR,107,12,False,0.13663178345574895,0.8577276947372532,0.001909299986436963,0.1752816999796778,1.2323746000183746
GBRT,107,13,False,0.17428377697555514,0.7363459018952804,0.09080180001910776,0.2010215000482276,0.8334801000310108
LR,107,13,False,0.20795902496021962,0.6432979904580667,0.001092200051061809,0.12382739991880953,0.23018219997175038
RF,107,13,False,0.16434473982306055,0.7752052280826353,0.03636479994747788,1.054403700050898,0.8561491000000387
SVR,107,13,False,0.14366405506057792,0.8240532782090346,0.0019989999709650874,0.18583999993279576,1.2647000999422744
GBRT,107,14,False,0.15673014149762918,0.7809544989492094,0.09103190002497286,0.1992505999514833,0.8182462000986561
LR,107,14,False,0.19552177789002892,0.7073648568728854,0.0010210999753326178,0.12365079997107387,0.2326310999924317
RF,107,14,False,0.15965790213711067,0.7971264857461701,0.036421800032258034,1.0603895999956876,0.8353194000665098
SVR,107,14,False,0.12773352362217089,0.8409149398654151,0.0021064000902697444,0.17816160002257675,1.2483322999905795
GBRT,107,15,False,0.1630846265898476,0.7703204744041063,0.08911289996467531,0.20013970008585602,0.8155008000321686
LR,107,15,False,0.18533909583948235,0.6940169829565499,0.0011247999500483274,0.12312729994300753,0.2375680000986904
RF,107,15,False,0.1806850355078634,0.7524925847202981,0.03615539998281747,1.0593144999584183,0.85426870000083
SVR,107,15,False,0.14323920453428396,0.8260138561159733,0.0022282000863924623,0.19613179995212704,1.3207640000618994
GBRT,107,16,False,0.13690508326154177,0.8543053452843837,0.09072300000116229,0.20151259994599968,0.8118618000298738
LR,107,16,False,0.20501100860843965,0.6454230798612299,0.0010537999914959073,0.12333289999514818,0.23924879997503012
RF,107,16,False,0.17018679626496772,0.772811181551754,0.03634280001278967,1.091172399930656,0.8492066999897361
SVR,107,16,False,0.1638656636862532,0.7669748262972163,0.0022542000515386462,0.17743360006716102,1.5162380000110716
GBRT,107,17,False,0.1467486611059976,0.8267960355294611,0.11151020007673651,0.20117139990907162,0.8491027998970821
LR,107,17,False,0.19658157033223636,0.6687259805225951,0.0010763000464066863,0.12358440004754812,0.24784510000608861
RF,107,17,False,0.16440873898851358,0.8096191262476693,0.0363420998910442,1.2168158000567928,0.9294380999635905
SVR,107,17,False,0.14357169256825994,0.8174051481731548,0.002427999977953732,0.18278360005933791,1.3260574999731034
GBRT,107,18,False,0.1627913852282219,0.7692328640718595,0.09017819992732257,0.19686539995018393,0.8328566000564024
LR,107,18,False,0.18538014871195663,0.7114231422380912,0.0017745000077411532,0.1289336000336334,0.2490074000088498
RF,107,18,False,0.1673001290407827,0.7695925673564938,0.0366687000496313,1.2455395000288263,0.8404278999660164
SVR,107,18,False,0.1421249418504488,0.8059125377440775,0.0025377999991178513,0.2022289999295026,1.4281895000021905
GBRT,107,19,False,0.14429552304976848,0.8229034933784571,0.09099579998292029,0.19804579997435212,0.8279731000075117
LR,107,19,False,0.19725605422276843,0.696676793393842,0.0010127999121323228,0.12346989999059588,0.2394073000177741
RF,107,19,False,0.16244683866181175,0.8119865566062324,0.036525300005450845,1.0552678999956697,0.8664844000013545
SVR,107,19,False,0.14621669981372784,0.8218276053258036,0.0021039999555796385,0.18421189999207854,1.3465910999802873
GBRT,107,1,False,0.17631378715881263,0.7225224520862882,0.0904294999781996,0.20579120004549623,0.8341134999645874
LR,107,1,False,0.17620930503229748,0.75856800501757,0.0011059000389650464,0.1323301000520587,0.24159440002404153
RF,107,1,False,0.17624110100252827,0.7774460177146412,0.03612479998264462,1.0663283999310806,0.8476710000541061
SVR,107,1,False,0.14274702890728863,0.8331230924217881,0.002455799956806004,0.18580259999725968,1.2981167000252753
GBRT,107,20,False,0.18668455323071018,0.692908758159716,0.09070849989075214,0.20324990001972765,0.8819361000787467
LR,107,20,False,0.19570169137218146,0.6570921698779626,0.0010736999101936817,0.12322999991010875,0.23821290000341833
RF,107,20,False,0.15969076920958847,0.7908562242341413,0.03618369996547699,1.0662880999734625,0.946348899975419
SVR,107,20,False,0.1684097305142839,0.7738739146913239,0.0027324999682605267,0.25597699999343604,1.4170631000306457
GBRT,107,21,False,0.14766535659565927,0.8109535201008967,0.09048909996636212,0.2023346999194473,0.8312470000237226
LR,107,21,False,0.19306015748992805,0.6940930590476458,0.0010679999832063913,0.1239527000579983,0.26557709998451173
RF,107,21,False,0.15455493401071252,0.8182741308055652,0.04057210008613765,1.0967841000529006,0.856208800105378
SVR,107,21,False,0.1435619341587695,0.8389408300638403,0.002311399905011058,0.19478380004875362,1.3463226000312716
GBRT,107,22,False,0.14606725328771372,0.8203149117518628,0.09616840002126992,0.20982869993895292,0.8440864000003785
LR,107,22,False,0.1823902398268311,0.7058979024527395,0.001053099986165762,0.12446110008750111,0.24658469995483756
RF,107,22,False,0.1751639941480488,0.7793824644691925,0.0365557000041008,1.0726978000020608,0.8743097999831662
SVR,107,22,False,0.13139216958115585,0.8690050699727796,0.002453400054946542,0.18515170004684478,1.3078423999249935
GBRT,107,23,False,0.1671850518817481,0.7254946589213975,0.09256080002523959,0.2075828000670299,0.8257730000186712
LR,107,23,False,0.19419410152545163,0.6687495712555127,0.001075900043360889,0.1334503999678418,0.2440358999883756
RF,107,23,False,0.18093205059342274,0.7153636000762384,0.037563799996860325,1.063185500097461,0.8568927000742406
SVR,107,23,False,0.15930474906975134,0.7553539657562471,0.002269799937494099,0.18336589995305985,1.3248057999880984
GBRT,107,24,False,0.12932991363865956,0.8502566160320946,0.09090670000296086,0.209696099977009,0.8372749999398366
LR,107,24,False,0.2000212263773577,0.6615409510123818,0.001104900031350553,0.12697009998373687,0.24055650003720075
RF,107,24,False,0.1411188748154284,0.8360957778031475,0.035917700035497546,1.10273749998305,0.8789526999462396
SVR,107,24,False,0.12780025934516145,0.86724904794041,0.002114499919116497,0.18217909999657422,1.2989564000163227
GBRT,107,25,False,0.15115701090122247,0.7769448329390637,0.09200439997948706,0.20026950002647936,0.8820433000801131
LR,107,25,False,0.1921738620182868,0.6853421059151243,0.0011671000393107533,0.131056800018996,0.2424720999551937
RF,107,25,False,0.15633803683028574,0.8206221237701716,0.03644179995171726,1.1203723000362515,0.8993758000433445
SVR,107,25,False,0.1223676630906485,0.8857463808256689,0.002162200049497187,0.1872639999492094,1.24113410001155
GBRT,107,26,False,0.18662992598270037,0.6315580206352307,0.09094420005567372,0.2000780999660492,0.8619648000458255
LR,107,26,False,0.19617427119756256,0.6672311173443988,0.0011764999944716692,0.1299818999832496,0.2414776999503374
RF,107,26,False,0.196740402115225,0.6959194847442985,0.0373765000840649,1.1419300000416115,0.8545459999004379
SVR,107,26,False,0.18423785474469628,0.708015002779236,0.002396399970166385,0.18800540000665933,1.3350916999625042
GBRT,107,27,False,0.14186343117806166,0.8304444747757598,0.09312089998275042,0.21017510001547635,0.8253119000000879
LR,107,27,False,0.1785181999801585,0.7116906738658204,0.0011873000767081976,0.12534449994564056,0.23732409998774529
RF,107,27,False,0.16026495631839205,0.807763971765691,0.037975599989295006,1.1260107998969033,0.8726047000382096
SVR,107,27,False,0.15291694218292182,0.8018735683464088,0.0021859999978914857,0.18043479998596013,1.2526896999916062
GBRT,107,28,False,0.15338401024044043,0.7791850904428564,0.09530759998597205,0.2011607000604272,0.8517862999578938
LR,107,28,False,0.18807108129439162,0.7202382587362287,0.0010819999733939767,0.1278714999789372,0.24498990003485233
RF,107,28,False,0.1755698134282277,0.7578445228616063,0.037139100022614,1.1219206000678241,0.8777528000064194
SVR,107,28,False,0.13044635986188824,0.8615887653580621,0.0023813999723643064,0.1943996000336483,1.3211265999125317
GBRT,107,29,False,0.16333948274145316,0.7668889039689443,0.09802320005837828,0.2288733999012038,0.8289689000230283
LR,107,29,False,0.20658802265593568,0.6332491012634681,0.001102800015360117,0.12404100003186613,0.2469795000506565
RF,107,29,False,0.17723056357408684,0.724985958369307,0.03855000005569309,1.0854423000710085,0.8431226999964565
SVR,107,29,False,0.1589753591313112,0.7839591617938714,0.002238500048406422,0.19122090004384518,1.3923508999869227
GBRT,107,2,False,0.13145624757728402,0.8379060844416305,0.10609459993429482,0.21328969998285174,0.8388658000621945
LR,107,2,False,0.1967805013241434,0.6856161340941718,0.0011030999012291431,0.13232309999875724,0.2653985000215471
RF,107,2,False,0.15097071595504744,0.8043015510909362,0.03919569996651262,1.0712744001066312,0.8490945999510586
SVR,107,2,False,0.15923968094437724,0.8026169562595478,0.001980499946512282,0.1755691000726074,1.2159071000060067
GBRT,107,3,False,0.17381822029496338,0.7143697146610315,0.09023930004332215,0.19879679998848587,0.8191563999280334
LR,107,3,False,0.22087662362330762,0.6356705426645286,0.0010312000522390008,0.12404200003948063,0.234500200022012
RF,107,3,False,0.18566440256040517,0.7623837115933957,0.03623710002284497,1.07491059997119,0.8232403000583872
SVR,107,3,False,0.13265348940187827,0.856235544078663,0.0023789999540895224,0.1771695000352338,1.245996700017713
GBRT,107,4,False,0.14486942361093735,0.8243455300340052,0.09137679997365922,0.2052465999731794,0.8123587999725714
LR,107,4,False,0.20236242745298563,0.682731396662263,0.001042699906975031,0.12240580003708601,0.23002099990844727
RF,107,4,False,0.14288794976291347,0.8463567895193649,0.036451100022532046,1.0756514999084175,0.8291753000812605
SVR,107,4,False,0.15556899496048845,0.8237570469781066,0.002379000070504844,0.19741609995253384,1.239719600067474
GBRT,107,5,False,0.14633158797620943,0.7699717309941317,0.08990920009091496,0.19963649997953326,0.824790499988012
LR,107,5,False,0.21465154455641583,0.6315977859210444,0.0010448000393807888,0.12774000002536923,0.2350136999739334
RF,107,5,False,0.14676777088823323,0.849821018566493,0.038602599990554154,1.0608304999768734,0.8341248000506312
SVR,107,5,False,0.1302009367954591,0.8515254290288993,0.0020481999963521957,0.17555499996524304,1.1881338000530377
GBRT,107,6,False,0.20151372186767763,0.6140813945017729,0.09088629996404052,0.1986573999747634,0.8020091999787837
LR,107,6,False,0.2161758073360151,0.6151752627815928,0.0010333999525755644,0.1220327999908477,0.23263350001070648
RF,107,6,False,0.18151762306317734,0.7523761265467729,0.03646490001119673,1.0836825999431312,0.8523352000629529
SVR,107,6,False,0.1614871106477305,0.7892609283595151,0.0023295999271795154,0.18149230000562966,1.315675799967721
GBRT,107,7,False,0.1675852035808879,0.7549932697380537,0.0967111000791192,0.19597769994288683,0.8215983000118285
LR,107,7,False,0.20023558214244755,0.629740262471076,0.0010430999100208282,0.12366630008909851,0.23409919999539852
RF,107,7,False,0.18549371794571434,0.7167081946499978,0.036519700079225004,1.0973689999664202,0.8470950999762863
SVR,107,7,False,0.15600808735490576,0.759449963594051,0.002240799949504435,0.18064460007008165,1.2619474999373779
GBRT,107,8,False,0.14248888622939007,0.7887372958776165,0.09025729994755238,0.19638139999005944,0.8060567000648007
LR,107,8,False,0.1762485816196051,0.7355563892717938,0.0012231000000610948,0.12467100005596876,0.23973510006908327
RF,107,8,False,0.1535392478513557,0.7992862469576283,0.036275599966757,1.0621819000225514,0.853269400075078
SVR,107,8,False,0.15466154926312775,0.790583026215948,0.0022203000262379646,0.1786386000458151,1.3192950000520796
GBRT,107,9,False,0.19043121412938466,0.6763667725711736,0.0979805999668315,0.2017238000407815,0.8147463999921456
LR,107,9,False,0.21150104541250436,0.6334906853528391,0.0010152000468224287,0.12220400001388043,0.23536070005502552
RF,107,9,False,0.16765856618217134,0.7707513416768963,0.03677250002510846,1.0666487000416964,0.8582910998957232
SVR,107,9,False,0.14623015183366142,0.8094984463758712,0.002059900085441768,0.18235070002265275,1.3565414999611676
GBRT,142,-1,True,0.15310997407740495,0.7803744934249844,0.11237420001998544,0.2126891000661999,0.8211585999233648
LR,142,-1,True,0.18776603413393136,0.7041933529651571,0.006463300087489188,0.1258462000405416,0.233623499982059
RF,142,-1,True,0.16249920621541972,0.7976869398177125,0.047080099931918085,1.0766757999081165,0.8631066000089049
SVR,142,-1,True,0.13857168854699808,0.8411781146980208,0.008068299968726933,0.20271670003421605,1.5843855000566691
GBRT,36,0,False,0.19852117913212208,0.6476256598521398,0.07940289995167404,0.2081822999753058,0.7595284000271931
LR,36,0,False,0.19686838221117087,0.6454244806508183,0.0010125000262632966,0.12262420007027686,0.23278810002375394
RF,36,0,False,0.24051362585486466,0.5297189847361322,0.031308399979025126,1.1020376000087708,0.7333719999296591
SVR,36,0,False,0.17851156385502145,0.7290647700050508,0.0011183000169694424,0.15349180006887764,0.6424081999575719
GBRT,36,10,False,0.2285169281415366,0.4168212670011653,0.07056470005773008,0.21469080005772412,0.7700074999593198
LR,36,10,False,0.21195514929575907,0.6459367359028231,0.0010174999479204416,0.13031369994860142,0.23790910001844168
RF,36,10,False,0.24143319988987239,0.53561207131119,0.03343800001312047,1.0633170999353752,0.7474919999949634
SVR,36,10,False,0.2241777884745805,0.43400671511165223,0.0011677000438794494,0.155542999971658,0.7340412000194192
GBRT,36,11,False,0.1792343055382677,0.7486447354345601,0.07136199995875359,0.19871460006106645,0.7502670000540093
LR,36,11,False,0.30236091569899626,0.2580543942562309,0.0010382001055404544,0.12423159996978939,0.23291390005033463
RF,36,11,False,0.21001078784692248,0.6607629610927916,0.032307000015862286,1.0912223999621347,0.7443261999869719
SVR,36,11,False,0.14722638165836133,0.8310592943354929,0.0011072000488638878,0.1560894000576809,0.7075344000477344
GBRT,36,12,False,0.23224109629927325,0.580926829051241,0.07842359994538128,0.20343709993176162,0.7495094999903813
LR,36,12,False,0.24791324674952347,0.42614125222204013,0.0010423000203445554,0.12333549989853054,0.2340226999949664
RF,36,12,False,0.22844866056796176,0.5541549408081703,0.031128900009207428,1.0455970000475645,0.7212678999640048
SVR,36,12,False,0.2357577696502908,0.5288123559522547,0.0011350000277161598,0.15504709992092103,0.7340433000354096
GBRT,36,13,False,0.2712886882231673,0.24228844480625222,0.07090050005353987,0.19945160008501261,0.7713875999907032
LR,36,13,False,0.27273255189584733,0.37585460495671785,0.0010640000691637397,0.13009679992683232,0.2322137999581173
RF,36,13,False,0.23976923507796993,0.4544462209286978,0.031305299955420196,1.0452229999937117,0.7306298000039533
SVR,36,13,False,0.29534883642655196,0.1263879785116918,0.0010658999672159553,0.15292609995231032,0.638840000028722
GBRT,36,14,False,0.23887595422384716,0.346756968556139,0.07100980007089674,0.20241200004238635,0.7682199999690056
LR,36,14,False,0.2732819760805876,0.26220214384379525,0.0009990999242290854,0.12480500002857298,0.23158120003063232
RF,36,14,False,0.21806888603601424,0.4822844413878141,0.03141759999562055,1.050170399947092,0.7214414000045508
SVR,36,14,False,0.24278390423457566,0.4198841177604463,0.0011563999578356743,0.15328740002587438,0.6424206000519916
GBRT,36,15,False,0.17918582066224945,0.733405878236017,0.0743215000256896,0.21195499994792044,0.7826989999739453
LR,36,15,False,0.2487817945079153,0.44043677387326374,0.0009840000420808792,0.1304311000276357,0.23921260004863143
RF,36,15,False,0.2115707395716543,0.6855808048017733,0.03176809998694807,1.0565816999878734,0.726117099984549
SVR,36,15,False,0.16282029797555891,0.7652655990822245,0.0010362999746575952,0.1493977999780327,0.6398622000124305
GBRT,36,16,False,0.22579810133344727,0.49266862874705397,0.0756962999003008,0.21489499998278916,0.7663214999483898
LR,36,16,False,0.2627565754193646,0.4040349189093285,0.0010119000216946006,0.12291799997910857,0.24467919999733567
RF,36,16,False,0.2626194292987516,0.36889833974196906,0.03159199992660433,1.0584112999495119,0.7511713000712916
SVR,36,16,False,0.1934014338391934,0.653467201423277,0.0010327999480068684,0.1532760999398306,0.6327905000653118
GBRT,36,17,False,0.22939450454373952,0.5640305996188499,0.07067740010097623,0.19636940001510084,0.7537044999189675
LR,36,17,False,0.35583772943793307,-0.13830690389883027,0.0010008999379351735,0.12347980006597936,0.2512729000300169
RF,36,17,False,0.27142917298142144,0.4502867026897288,0.031167899956926703,1.0447805000003427,0.7468420999357477
SVR,36,17,False,0.1799942086429612,0.6872642166560293,0.0010501000797376037,0.15458690002560616,0.7054812000133097
GBRT,36,18,False,0.18522040536965315,0.6015055085897603,0.07104750000871718,0.1978719999315217,0.7542233999120072
LR,36,18,False,0.20173188869366548,0.6661538653932837,0.0010016000596806407,0.12503080000169575,0.23921629996038973
RF,36,18,False,0.20303482568846168,0.6712202320841275,0.0314799000043422,1.0516310000093654,0.7452424999792129
SVR,36,18,False,0.17825907729768378,0.6233754115652062,0.001070600003004074,0.15463039989117533,0.7628635000437498
GBRT,36,19,False,0.21611927268365416,0.530923489555063,0.07170349999796599,0.2009785999543965,0.7521332000615075
LR,36,19,False,0.28424175237212856,0.30965317030373074,0.001034500077366829,0.12696250004228204,0.28786349995061755
RF,36,19,False,0.23342193479191206,0.5196385579536251,0.031027999939396977,1.0403608999913558,0.741660900064744
SVR,36,19,False,0.19067546800938823,0.710814409238554,0.0009962000185623765,0.14760410005692393,0.5761003999505192
GBRT,36,1,False,0.21536487349796293,0.6333777375487242,0.07117469992954284,0.20029360009357333,0.7372832999099046
LR,36,1,False,0.2032468877861476,0.6641256082244631,0.0011054000351577997,0.12053880002349615,0.2367041000397876
RF,36,1,False,0.19579000299762395,0.697409494261509,0.03106340009253472,1.090817300020717,0.7375587000278756
SVR,36,1,False,0.1557454873550837,0.7902338859720188,0.0013215000508353114,0.15401960001327097,0.6969615999842063
GBRT,36,20,False,0.24752484230128768,0.46894334205439014,0.07173089997377247,0.2644647000124678,0.8366002000402659
LR,36,20,False,0.3098865259125472,0.20067620104447104,0.0010498999617993832,0.1415749000152573,0.2660921999486163
RF,36,20,False,0.2628867263643989,0.42627677517014606,0.031286600045859814,1.0751688000746071,0.732557800016366
SVR,36,20,False,0.2587515756772849,0.45969460661506045,0.0014669999945908785,0.15519169997423887,0.6651784999994561
GBRT,36,21,False,0.2659455185248915,0.4149301087339664,0.07116419996600598,0.20262910006567836,0.7689341999357566
LR,36,21,False,0.34363605826466775,-0.6834554546715108,0.0010909999255090952,0.1271573998965323,0.25629309995565563
RF,36,21,False,0.2644347946338493,0.5055646843647972,0.03137019998393953,1.0428733000298962,0.7577783999731764
SVR,36,21,False,0.1773922210848761,0.7363921007904422,0.0011415999615564942,0.15198940003756434,0.7107852000044659
GBRT,36,22,False,0.19591654038001763,0.7083145395414544,0.07182179996743798,0.20475390006322414,0.7706828999798745
LR,36,22,False,0.25446870819656087,0.36568715179897104,0.0011192000238224864,0.1290965999942273,0.25132139993365854
RF,36,22,False,0.2543462795434162,0.4592001437936776,0.03169859992340207,1.0576204999815673,0.7578332000412047
SVR,36,22,False,0.17295662803136744,0.770439616101434,0.0011460999958217144,0.16411399992648512,0.6735208999598399
GBRT,36,23,False,0.3224231101302097,0.13550810939791824,0.07590579998213798,0.20562889997381717,0.7815312000457197
LR,36,23,False,0.2821241497782552,0.36530354378983365,0.0011017000069841743,0.1294179999968037,0.24435100005939603
RF,36,23,False,0.2806159427363679,0.44842440301358144,0.03250969992950559,1.0861397000262514,0.7539255999727175
SVR,36,23,False,0.28170151431283785,0.37611966727099577,0.0011001999955624342,0.16164419997949153,0.6555712999543175
GBRT,36,24,False,0.15253392895065593,0.7419997976210166,0.0742040000623092,0.20887470000889152,0.7740415999433026
LR,36,24,False,0.3311286285762258,-0.11337499514621774,0.0010783999459818006,0.1340535000199452,0.24811779998708516
RF,36,24,False,0.17118266860892012,0.7486354311896237,0.03068249998614192,1.0637036999687552,0.7573754000477493
SVR,36,24,False,0.15788523612144145,0.7680851578071812,0.00101200002245605,0.16205319995060563,0.6682989000109956
GBRT,36,25,False,0.3147739175240829,0.19036023849131145,0.07093970000278205,0.2012897999957204,0.7739112001145259
LR,36,25,False,0.26363795414415053,0.4116265145999608,0.0010627999436110258,0.12465249991510063,0.23703899991232902
RF,36,25,False,0.25253442092836653,0.4812201730524369,0.031471500056795776,1.073688399977982,0.7203987999819219
SVR,36,25,False,0.2848554814859443,0.2277137164479598,0.0010523999808356166,0.15100429998710752,0.6091906999936327
GBRT,36,26,False,0.3136098891637878,0.09472357060065173,0.07161840004846454,0.20421400002669543,0.7619623000500724
LR,36,26,False,0.2958929767080024,0.21966943174977416,0.001032399944961071,0.12429280008655041,0.2958572000497952
RF,36,26,False,0.2572190519083951,0.5688180666283496,0.032413800014182925,1.0560535000404343,0.7540302999550477
SVR,36,26,False,0.2556878447774453,0.5456333767751385,0.0012656999751925468,0.15397829993162304,0.6661492000566795
GBRT,36,27,False,0.1808156839106666,0.6771980039092527,0.07507070002611727,0.20883200003299862,0.7850758000276983
LR,36,27,False,0.2701187532539361,0.42910594181436246,0.0012108000228181481,0.1386141999391839,0.2538985999999568
RF,36,27,False,0.20922639332096996,0.6147070197565483,0.03335370006971061,1.057092700037174,0.730222399928607
SVR,36,27,False,0.17756691294106486,0.7551626631909976,0.0012284000404179096,0.16308079997543246,0.691822599968873
GBRT,36,28,False,0.20868180847381768,0.5329978863226188,0.071001400006935,0.20269639999605715,0.7621615000534803
LR,36,28,False,0.2823057430223807,0.26765635383571074,0.0010427999077364802,0.12811069993767887,0.24368030007462949
RF,36,28,False,0.22721553200438585,0.5568130841343619,0.03187089995481074,1.0575100000714883,0.7799454999621958
SVR,36,28,False,0.23513982236718473,0.5282023061354757,0.0011215999256819487,0.1562069000210613,0.6555424999678507
GBRT,36,29,False,0.20178196110446925,0.6657448777483328,0.07549009996000677,0.20851430005859584,0.7635035999119282
LR,36,29,False,0.31308002419569614,0.04615299492665714,0.0011116999667137861,0.1255309000844136,0.2394932999741286
RF,36,29,False,0.2062903290775753,0.6745164881054184,0.035749000031501055,1.0744361999677494,0.7530762000242248
SVR,36,29,False,0.2273215667641777,0.5518681148799718,0.0012255000183358788,0.16673309996258467,0.7108270999742672
GBRT,36,2,False,0.21069876175569763,0.6684969487461413,0.0706355000147596,0.21309619990643114,0.7561937998980284
LR,36,2,False,0.28942160202769124,0.27980418228955084,0.0012450000504031777,0.131457099923864,0.25029260001610965
RF,36,2,False,0.22434738944150556,0.6350390957514112,0.03173759998753667,1.1375631999690086,0.7703256000531837
SVR,36,2,False,0.19672253184407187,0.6785466589558008,0.0010315000545233488,0.1534506999887526,0.6887376999948174
GBRT,36,3,False,0.24736700807495016,0.49949881696218457,0.07101620000321418,0.2133308999473229,0.7452847000677139
LR,36,3,False,0.2448927147666151,0.5245982607290068,0.0010215999791398644,0.12212329998146743,0.2303844999987632
RF,36,3,False,0.19888563665673142,0.6693985720676037,0.031096499995328486,1.0533399999840185,0.7251075999811292
SVR,36,3,False,0.16749050174377086,0.7246746064229016,0.0010482000652700663,0.16233089996967465,0.6501842000288889
GBRT,36,4,False,0.23123595946925204,0.511594462601117,0.07840869994834065,0.21378270001150668,0.7658323000650853
LR,36,4,False,0.2632804171211991,0.4766455131335161,0.0010479999473318458,0.12780819996260107,0.25968539994210005
RF,36,4,False,0.32306745353598226,0.14893127075109946,0.030937699950300157,1.0645355000160635,0.7049723999807611
SVR,36,4,False,0.19477395698489453,0.678470694117434,0.0010486999526619911,0.16634290001820773,0.6974492999725044
GBRT,36,5,False,0.24952140689886543,0.4211968675832184,0.07073759997729212,0.19955129991285503,0.7373714999994263
LR,36,5,False,0.3410979460546765,0.13872853726106393,0.0010871000122278929,0.13053710001986474,0.24019040004350245
RF,36,5,False,0.24000462243584414,0.5969170939689683,0.03331560001242906,1.0840889000101015,0.7539055999368429
SVR,36,5,False,0.2057637926226164,0.6834444388769372,0.0010189999593421817,0.15137249999679625,0.6127852000063285
GBRT,36,6,False,0.2632219355298003,0.39763935030555475,0.072036899975501,0.19711499998811632,0.7498851000564173
LR,36,6,False,0.37847800675198084,-0.19860617417198778,0.0010506000835448503,0.13845119997859,0.24745719996280968
RF,36,6,False,0.20844669597026363,0.6857441898122287,0.03383840003516525,1.0837610000744462,0.7292317999526858
SVR,36,6,False,0.24384035665208367,0.5342455045520484,0.0010948999552056193,0.15568279998842627,0.6773600000888109
GBRT,36,7,False,0.19302166315673475,0.6649718107066307,0.07140210003126413,0.20012290007434785,0.720642099971883
LR,36,7,False,0.21865311000517382,0.604514191367707,0.0010207999730482697,0.12330759991891682,0.24047649989370257
RF,36,7,False,0.227181601159533,0.6327814267656209,0.03090050001628697,1.0508908999618143,0.7232548000756651
SVR,36,7,False,0.19701519052382296,0.7047442865752807,0.0010719000129029155,0.15847580006811768,0.5553442999953404
GBRT,36,8,False,0.20753187954148652,0.5645857209702305,0.07094310002867132,0.19641659990884364,0.7607638000044972
LR,36,8,False,0.23045870054842293,0.5383388092742863,0.001088300021365285,0.1261305999942124,0.2522643000120297
RF,36,8,False,0.1936646604202294,0.6906437894870877,0.0316156999906525,1.091365399886854,0.7391851999564096
SVR,36,8,False,0.21810402338169396,0.6651897494194201,0.0010582000249996781,0.1534694000147283,0.617776499944739
GBRT,36,9,False,0.28876991966632104,0.37410308433302275,0.0708076999289915,0.19430120009928942,0.7279015999520198
LR,36,9,False,0.23412349641883423,0.50728911892949,0.0010092000011354685,0.12127250002231449,0.23028819996397942
RF,36,9,False,0.21834449485361168,0.63406605218512,0.031120500061661005,1.0522865999955684,0.7329489999683574
SVR,36,9,False,0.22952676199954436,0.5681869201285794,0.0010813999688252807,0.15244819992221892,0.6361627000151202
GBRT,71,0,False,0.19039840091180685,0.6781016332667338,0.0822628999594599,0.1965646999888122,0.8108355000149459
LR,71,0,False,0.22058782204216545,0.5723751047491996,0.001151000033132732,0.12449259997811168,0.24159550003241748
RF,71,0,False,0.20154116097994157,0.6667563927952191,0.033848099992610514,1.0544435000047088,0.7984934999840334
SVR,71,0,False,0.16868411631148855,0.744092388685067,0.0015946000348776579,0.17298109992407262,0.9537565999198705
GBRT,71,10,False,0.1414256539310691,0.8195159236564468,0.08151940000243485,0.20897679997142404,0.7997401999309659
LR,71,10,False,0.20766046746505834,0.6666983185685069,0.0009971000254154205,0.13387120002880692,0.23287609999533743
RF,71,10,False,0.14909506131719905,0.8044433192509407,0.03610649995971471,1.0708502000197768,0.8324875000398606
SVR,71,10,False,0.1364735061517487,0.8253135973480387,0.0014802999794483185,0.1672524999594316,0.997591600054875
GBRT,71,11,False,0.1336514675025135,0.8437480353412034,0.08207829995080829,0.19861049996688962,0.8106973000103608
LR,71,11,False,0.17827025203566374,0.7070578318900762,0.0011358000338077545,0.12283020000904799,0.23087049997411668
RF,71,11,False,0.1700817691744764,0.7673906161021947,0.03373899997677654,1.064757699961774,0.794351699994877
SVR,71,11,False,0.13919917316926206,0.8375805385097557,0.0016529998974874616,0.17019760003313422,1.0433915000176057
GBRT,71,12,False,0.15476259097982203,0.7837696322959495,0.08887440001126379,0.20699749991763383,0.825254499912262
LR,71,12,False,0.21670643500626696,0.6170757477390645,0.0010333999525755644,0.12366479996126145,0.2341524000512436
RF,71,12,False,0.14288279489431568,0.8221813360137333,0.03479710000101477,1.058119299937971,0.8384558000834659
SVR,71,12,False,0.16434340029944555,0.8057139719777151,0.0014958999818190932,0.16735320002771914,1.012345700059086
GBRT,71,13,False,0.1974951497316665,0.5327675231953288,0.08200090005993843,0.20874649996403605,0.8190720001002774
LR,71,13,False,0.21980398764079542,0.589822831957082,0.0010181000689044595,0.12315340002533048,0.24214699992444366
RF,71,13,False,0.15129100187422323,0.7432697318575308,0.035387700074352324,1.0606248000403866,0.8040950999129564
SVR,71,13,False,0.18710925315563628,0.6638538864793162,0.001374599989503622,0.1641306000528857,0.9431574000045657
GBRT,71,14,False,0.1837593363373754,0.6918792121550044,0.09137540007941425,0.21246690000407398,0.7974610000383109
LR,71,14,False,0.2243697577511602,0.5399463780934095,0.0011497000232338905,0.12304719991516322,0.23639490001369268
RF,71,14,False,0.1807957360358026,0.7047176123325865,0.0339978999691084,1.0670787000562996,0.8139047999866307
SVR,71,14,False,0.18473515469483914,0.6447302648079712,0.0014663999900221825,0.17315639997832477,0.9305104999803007
GBRT,71,15,False,0.20438303952483386,0.6522996203929547,0.08458529994823039,0.20732599997427315,0.8016655000392348
LR,71,15,False,0.21878471921454679,0.6328714078376654,0.0010558998910710216,0.12736050004605204,0.2445704999845475
RF,71,15,False,0.2136971879638407,0.6371194580933095,0.03393469995353371,1.0534878999460489,0.8058939999900758
SVR,71,15,False,0.1639055280349597,0.7853161059607392,0.0017012000316753983,0.17413769999984652,0.9618410000111908
GBRT,71,16,False,0.158457411985886,0.7919838182146722,0.08125150005798787,0.20978889998514205,0.978948500007391
LR,71,16,False,0.22726600525161636,0.5351308529659207,0.001064100069925189,0.12529060000088066,0.23834460007492453
RF,71,16,False,0.18902837794393343,0.7101321605908879,0.033490599947981536,1.0575647000223398,0.9471946000121534
SVR,71,16,False,0.1461627519278442,0.8134279103574042,0.0015573999844491482,0.16576469992287457,0.9942830000072718
GBRT,71,17,False,0.12824265608220087,0.8449425598850989,0.1013557999394834,0.271364500047639,0.917478600051254
LR,71,17,False,0.23892511584717135,0.5259149163115513,0.0010375999845564365,0.14284650003537536,0.29962050006724894
RF,71,17,False,0.15942386617406576,0.7876064515214892,0.033827500068582594,1.0609324999386445,0.8297267999732867
SVR,71,17,False,0.12497620300616277,0.8557629658300656,0.001576600014232099,0.16367989999707788,0.9815251999534667
GBRT,71,18,False,0.14781076175388103,0.7642839386037268,0.08160200004931539,0.19766440009698272,0.8156140999635682
LR,71,18,False,0.16703335242839012,0.7589760691386128,0.0011965000303462148,0.1368522000266239,0.24832170002628118
RF,71,18,False,0.17046178594517628,0.7282105623560724,0.033969499985687435,1.086954400059767,0.8545226999558508
SVR,71,18,False,0.1372246576328953,0.8221737291089833,0.0015259999781847,0.21188610000535846,0.9524785000830889
GBRT,71,19,False,0.14544586245993152,0.8393564625875073,0.08188109996262938,0.2884329999797046,0.9226623999420553
LR,71,19,False,0.1772042675123888,0.7409549145400129,0.0015661000506952405,0.16342619992792606,0.30512019991874695
RF,71,19,False,0.20132735683019043,0.7000790027168817,0.033636300009675324,1.0916828999761492,0.9984858999960124
SVR,71,19,False,0.13294891481113374,0.8528493645619737,0.0015042999293655157,0.17055170005187392,1.0250320000341162
GBRT,71,1,False,0.2114257185973647,0.6121593681271067,0.0815314999781549,0.20177899999544024,0.8136894999770448
LR,71,1,False,0.1551304263982927,0.7871210491485525,0.0010621000546962023,0.12252180010545999,0.23510349995922297
RF,71,1,False,0.16490922620629272,0.7637778051455963,0.034651000052690506,1.1574174999259412,0.8124207999790087
SVR,71,1,False,0.14722627030232166,0.7975240423587824,0.0015173000283539295,0.17199609999079257,0.9408242999343202
GBRT,71,20,False,0.23567889712249654,0.5521226637750486,0.12896809994708747,0.2127691999776289,0.8141467000823468
LR,71,20,False,0.2206580618169449,0.5973195202220888,0.0010710000060498714,0.13836550002451986,0.24929230008274317
RF,71,20,False,0.23449321857366748,0.5976265166144386,0.033839000039733946,1.2603034999920055,0.8394351999741048
SVR,71,20,False,0.17904362766547186,0.753041383362635,0.0015217000618577003,0.18173790001310408,1.0470767000224441
GBRT,71,21,False,0.1649712622006173,0.7666087527653536,0.08109999995213002,0.23130159999709576,0.8760998999932781
LR,71,21,False,0.20640600380335394,0.7011823792863077,0.001282899989746511,0.17755070002749562,0.3073333000065759
RF,71,21,False,0.21861621476642293,0.6725765352476665,0.0338196000084281,1.0732220000354573,0.8362830999540165
SVR,71,21,False,0.17449637192183476,0.7148864515609835,0.001751400064677,0.1653451999882236,1.0606568000512198
GBRT,71,22,False,0.16978590439368585,0.7729284894169197,0.08265979995485395,0.20623990008607507,0.8309166999533772
LR,71,22,False,0.21704933660176368,0.5935000419281786,0.0011084999423474073,0.12450449995230883,0.24808489996939898
RF,71,22,False,0.2448094160874733,0.4830609361986904,0.0335931999143213,1.0953937999438494,0.8197900999803096
SVR,71,22,False,0.13254547067938804,0.8515776189462096,0.0015056999400258064,0.17301870009396225,0.98577629995998
GBRT,71,23,False,0.21307314435524344,0.6148219519385234,0.08170169999357313,0.21093309996649623,0.8268740000203252
LR,71,23,False,0.21699547005579042,0.6143656821871216,0.0010819000890478492,0.12749840004835278,0.24312639993149787
RF,71,23,False,0.21555555713210672,0.6639346039592116,0.03596790006849915,1.128067099954933,0.8407867999048904
SVR,71,23,False,0.19245095115588706,0.6952410592621701,0.0015360999386757612,0.17437169991899282,1.007893200032413
GBRT,71,24,False,0.15202436079894985,0.7900021095266481,0.08385729999281466,0.20787219994235784,0.8155534999677911
LR,71,24,False,0.23425184272815613,0.572253285984798,0.0009982999181374907,0.12557460006792098,0.24184949998743832
RF,71,24,False,0.17883648670386126,0.7225787321554654,0.033714800025336444,1.1040516999782994,0.8288106999825686
SVR,71,24,False,0.16108210767503875,0.8082339805973644,0.0017149000195786357,0.1716827000491321,1.0034917000448331
GBRT,71,25,False,0.15896538791756018,0.7838640232623763,0.0820953999646008,0.20170179998967797,0.8279689999762923
LR,71,25,False,0.2391284519099509,0.5135072144392645,0.0010273000225424767,0.12427349993959069,0.24980800005141646
RF,71,25,False,0.19385695627319255,0.717700766086766,0.034132500062696636,1.1026600000914186,0.819003599928692
SVR,71,25,False,0.13636861957405114,0.8633548558901846,0.0015329000307247043,0.16485639999154955,1.0047835999866948
GBRT,71,26,False,0.20578054354034686,0.6553945266226395,0.08856069995090365,0.2010644000256434,0.8058928999816999
LR,71,26,False,0.20410896739462736,0.6686650755564202,0.001131199998781085,0.13252470002043992,0.25222799996845424
RF,71,26,False,0.22148202594766683,0.654715001465501,0.03375229996163398,1.1126660000300035,0.8762253999011591
SVR,71,26,False,0.20361910703432218,0.6972908079568841,0.0015397000825032592,0.16923400002997369,1.0510995999211445
GBRT,71,27,False,0.1845218474325604,0.67981975042241,0.08821620000526309,0.21988970006350428,0.813509100000374
LR,71,27,False,0.2049368203526809,0.6365385986764446,0.001190899987705052,0.13265030004549772,0.2468792999861762
RF,71,27,False,0.1805612209770885,0.7220175829904009,0.03474060003645718,1.0886650999309495,0.7985475000459701
SVR,71,27,False,0.17195949710981118,0.7328607897171477,0.0015385999577119946,0.1821434999583289,0.9775366999674588
GBRT,71,28,False,0.1562336808772234,0.7761743270898563,0.08733490004669875,0.20456179999746382,0.8134006999898702
LR,71,28,False,0.19286615859021733,0.6847437131618264,0.0010605000425130129,0.1237033000215888,0.23701929999515414
RF,71,28,False,0.18976195584520125,0.6113466095671061,0.0356255000224337,1.1362148999469355,0.8136404000688344
SVR,71,28,False,0.14920289980027335,0.791262990719675,0.0015088999643921852,0.1665648000780493,0.9206252000294626
GBRT,71,29,False,0.20466700290801496,0.6267289403096372,0.08280670002568513,0.20301639998797327,0.8442059999797493
LR,71,29,False,0.30454289810645885,0.20023755150160494,0.0010677999816834927,0.12613949994556606,0.25705110002309084
RF,71,29,False,0.19644910206917857,0.6857903360340137,0.034813599893823266,1.0741616999730468,0.8111046999692917
SVR,71,29,False,0.1735525010125877,0.7053930153570642,0.0016212000045925379,0.18179309996776283,1.1183737000683323
GBRT,71,2,False,0.16004402063815654,0.7331338393288964,0.08158180001191795,0.1969315999886021,0.8141424999339506
LR,71,2,False,0.20797026432465135,0.6658840868969034,0.0011412999592721462,0.12380320008378476,0.240332999965176
RF,71,2,False,0.17731546204151552,0.7215381877581204,0.03392770001664758,1.0626815999858081,0.8137231000000611
SVR,71,2,False,0.17073400466626085,0.7576594041155832,0.0015896999975666404,0.1681447000009939,0.9976286999881268
GBRT,71,3,False,0.1775319014757225,0.711752722227105,0.08216220000758767,0.19919209997169673,0.7903682000469416
LR,71,3,False,0.1965923775139062,0.7361976462297275,0.0010705000022426248,0.1232995999744162,0.22884740005247295
RF,71,3,False,0.1646768237752045,0.7820383130572875,0.03515530005097389,1.1096412000479177,0.8146023000590503
SVR,71,3,False,0.1440883549625596,0.8430247155964512,0.001320800045505166,0.16158630000427365,0.8656374999554828
GBRT,71,4,False,0.1776900652326564,0.7091163117966115,0.08159229997545481,0.21207150002010167,0.8302004999713972
LR,71,4,False,0.21246172441735667,0.6142235861426733,0.0010151000460609794,0.13617059995885938,0.2398006001021713
RF,71,4,False,0.20403145632599423,0.6637812911458216,0.033766500069759786,1.0615039000986144,0.8111409000121057
SVR,71,4,False,0.1796874644413202,0.7365933731670076,0.0013689000625163317,0.1640738999703899,0.8953134000767022
GBRT,71,5,False,0.13255928085994864,0.8659703887324776,0.08166379993781447,0.19814620004035532,0.7786701000295579
LR,71,5,False,0.21100159998993118,0.6698643686652832,0.001055500004440546,0.12289300002157688,0.23011280002538115
RF,71,5,False,0.17494757204613665,0.795860502930504,0.0340135000878945,1.069592299987562,0.8313089000293985
SVR,71,5,False,0.19325283680203706,0.7456000445868611,0.0015929999062791467,0.16561639995779842,0.9074762999080122
GBRT,71,6,False,0.19177458895121488,0.6432715062407377,0.08168379997368902,0.19925730000250041,0.7909236000850797
LR,71,6,False,0.24065285057331975,0.5396181605437247,0.0010229999898001552,0.12448680005036294,0.22959160001482815
RF,71,6,False,0.19291371085696138,0.7050009782346934,0.035308899939991534,1.1036582000087947,0.8077113999752328
SVR,71,6,False,0.16766157464142342,0.7649057097265126,0.0015221999492496252,0.16864039993379265,1.0297970999963582
GBRT,71,7,False,0.22465937903233751,0.5423298627512361,0.0828318001003936,0.21212109993211925,0.8136947999009863
LR,71,7,False,0.23788011108035478,0.4936491245131316,0.0011196000268682837,0.13139370002318174,0.23848469997756183
RF,71,7,False,0.24842206828211294,0.5348133115009336,0.03357480000704527,1.0717467999784276,0.8218780000461265
SVR,71,7,False,0.19397828701537712,0.6231483013423944,0.0015656000468879938,0.16841609997209162,1.0095170000568032
GBRT,71,8,False,0.1441267902718756,0.8209162629355413,0.08253740007057786,0.21006369998212904,0.7888180000009015
LR,71,8,False,0.20401307529033263,0.6681336113080217,0.001059899921528995,0.13108020008075982,0.23949900001753122
RF,71,8,False,0.1792312013151267,0.7698198372443189,0.033271600026637316,1.0684059000341222,0.8063980999868363
SVR,71,8,False,0.16378005779664215,0.7879401829268301,0.0013756999978795648,0.1724532999796793,0.9738746000220999
GBRT,71,9,False,0.21179008263498464,0.6462649119612129,0.08953470003325492,0.2137926999712363,0.8364130000118166
LR,71,9,False,0.21371481997345665,0.6145059499987271,0.0011530999327078462,0.1391105999937281,0.2478074999526143
RF,71,9,False,0.1952375452449192,0.6666970569281837,0.03379740007221699,1.1198125999653712,0.8113901000469923
SVR,71,9,False,0.15728977062763017,0.6993465355290756,0.0013871999690309167,0.1700557000003755,1.01877169997897
