model,size,repeat,is_reference,method,rho_reference,correlation_defined,mae,r2
GBRT,107,0,False,PFI,0.7890109890109891,True,0.13706812211116862,0.8202406591916707
GBRT,107,0,False,KernelSHAP,0.9296703296703297,True,0.13706812211116862,0.8202406591916707
LR,107,0,False,PFI,0.8901098901098902,True,0.209957735117421,0.6200215979198807
LR,107,0,False,KernelSHAP,0.8241758241758241,True,0.209957735117421,0.6200215979198807
RF,107,0,False,PFI,0.9164835164835166,True,0.19918126776108086,0.674678347603047
RF,107,0,False,KernelSHAP,0.8769230769230769,True,0.19918126776108086,0.674678347603047
SVR,107,0,False,PFI,0.8197802197802198,True,0.1558261959155099,0.8117648917152782
SVR,107,0,False,KernelSHAP,0.6923076923076923,True,0.1558261959155099,0.8117648917152782
GBRT,107,10,False,PFI,0.8065934065934066,True,0.15111025836265346,0.7759109741869927
GBRT,107,10,False,KernelSHAP,0.8637362637362638,True,0.15111025836265346,0.7759109741869927
LR,107,10,False,PFI,0.9120879120879121,True,0.17918999344332798,0.7441270371814208
LR,107,10,False,KernelSHAP,0.8901098901098902,True,0.17918999344332798,0.7441270371814208
RF,107,10,False,PFI,0.8769230769230769,True,0.14640789369200347,0.8290434615872555
RF,107,10,False,KernelSHAP,0.9120879120879121,True,0.14640789369200347,0.8290434615872555
SVR,107,10,False,PFI,0.6879120879120879,True,0.13580764545026494,0.8346990125191351
SVR,107,10,False,KernelSHAP,0.665934065934066,True,0.13580764545026494,0.8346990125191351
GBRT,107,11,False,PFI,0.6175824175824175,True,0.15510369997647933,0.7605550582684899
GBRT,107,11,False,KernelSHAP,0.8989010989010989,True,0.15510369997647933,0.7605550582684899
LR,107,11,False,PFI,0.9472527472527472,True,0.20278014955685436,0.6626361470257429
LR,107,11,False,KernelSHAP,0.9780219780219781,True,0.20278014955685436,0.6626361470257429
RF,107,11,False,PFI,0.9252747252747253,True,0.15935977634360077,0.7954855289312482
RF,107,11,False,KernelSHAP,0.9428571428571428,True,0.15935977634360077,0.7954855289312482
SVR,107,11,False,PFI,0.7142857142857143,True,0.14955830840294693,0.8050267875496474
SVR,107,11,False,KernelSHAP,0.9208791208791209,True,0.14955830840294693,0.8050267875496474
GBRT,107,12,False,PFI,0.8285714285714285,True,0.13700234746024353,0.8380098072750645
GBRT,107,12,False,KernelSHAP,0.9516483516483516,True,0.13700234746024353,0.8380098072750645
LR,107,12,False,PFI,0.9780219780219781,True,0.20559970613548004,0.6493212403463738
LR,107,12,False,KernelSHAP,0.9868131868131869,True,0.20559970613548004,0.6493212403463738
RF,107,12,False,PFI,0.9472527472527472,True,0.1560548217487464,0.8109455336653174
RF,107,12,False,KernelSHAP,0.956043956043956,True,0.1560548217487464,0.8109455336653174
SVR,107,12,False,PFI,0.9076923076923077,True,0.13663178345574895,0.8577276947372532
SVR,107,12,False,KernelSHAP,0.9384615384615385,True,0.13663178345574895,0.8577276947372532
GBRT,107,13,False,PFI,0.7538461538461538,True,0.17428377697555514,0.7363459018952804
GBRT,107,13,False,KernelSHAP,0.8857142857142857,True,0.17428377697555514,0.7363459018952804
LR,107,13,False,PFI,0.9516483516483516,True,0.20795902496021962,0.6432979904580667
LR,107,13,False,KernelSHAP,0.9252747252747253,True,0.20795902496021962,0.6432979904580667
RF,107,13,False,PFI,0.8417582417582418,True,0.16434473982306055,0.7752052280826353
RF,107,13,False,KernelSHAP,0.9032967032967033,True,0.16434473982306055,0.7752052280826353
SVR,107,13,False,PFI,0.7934065934065934,True,0.14366405506057792,0.8240532782090346
SVR,107,13,False,KernelSHAP,0.9076923076923077,True,0.14366405506057792,0.8240532782090346
GBRT,107,14,False,PFI,0.7494505494505495,True,0.15673014149762918,0.7809544989492094
GBRT,107,14,False,KernelSHAP,0.7758241758241758,True,0.15673014149762918,0.7809544989492094
LR,107,14,False,PFI,0.8769230769230769,True,0.19552177789002892,0.7073648568728854
LR,107,14,False,KernelSHAP,0.9032967032967033,True,0.19552177789002892,0.7073648568728854
RF,107,14,False,PFI,0.8769230769230769,True,0.15965790213711067,0.7971264857461701
RF,107,14,False,KernelSHAP,0.7934065934065934,True,0.15965790213711067,0.7971264857461701
SVR,107,14,False,PFI,0.6835164835164835,True,0.12773352362217089,0.8409149398654151
SVR,107,14,False,KernelSHAP,0.9296703296703297,True,0.12773352362217089,0.8409149398654151
GBRT,107,15,False,PFI,0.8549450549450549,True,0.1630846265898476,0.7703204744041063
GBRT,107,15,False,KernelSHAP,0.8549450549450549,True,0.1630846265898476,0.7703204744041063
LR,107,15,False,PFI,0.9384615384615385,True,0.18533909583948235,0.6940169829565499
LR,107,15,False,KernelSHAP,0.9648351648351648,True,0.18533909583948235,0.6940169829565499
RF,107,15,False,PFI,0.8197802197802198,True,0.1806850355078634,0.7524925847202981
RF,107,15,False,KernelSHAP,0.9472527472527472,True,0.1806850355078634,0.7524925847202981
SVR,107,15,False,PFI,0.8593406593406594,True,0.14323920453428396,0.8260138561159733
SVR,107,15,False,KernelSHAP,0.7846153846153847,True,0.14323920453428396,0.8260138561159733
GBRT,107,16,False,PFI,0.7362637362637363,True,0.13690508326154177,0.8543053452843837
GBRT,107,16,False,KernelSHAP,0.8681318681318682,True,0.13690508326154177,0.8543053452843837
LR,107,16,False,PFI,0.9912087912087912,True,0.20501100860843965,0.6454230798612299
LR,107,16,False,KernelSHAP,0.9428571428571428,True,0.20501100860843965,0.6454230798612299
RF,107,16,False,PFI,0.7098901098901099,True,0.17018679626496772,0.772811181551754
RF,107,16,False,KernelSHAP,0.832967032967033,True,0.17018679626496772,0.772811181551754
SVR,107,16,False,PFI,0.7274725274725276,True,0.1638656636862532,0.7669748262972163
SVR,107,16,False,KernelSHAP,0.745054945054945,True,0.1638656636862532,0.7669748262972163
GBRT,107,17,False,PFI,0.7494505494505495,True,0.1467486611059976,0.8267960355294611
GBRT,107,17,False,KernelSHAP,0.9252747252747253,True,0.1467486611059976,0.8267960355294611
LR,107,17,False,PFI,0.9648351648351648,True,0.19658157033223636,0.6687259805225951
LR,107,17,False,KernelSHAP,0.9428571428571428,True,0.19658157033223636,0.6687259805225951
RF,107,17,False,PFI,0.7978021978021977,True,0.16440873898851358,0.8096191262476693
RF,107,17,False,KernelSHAP,0.9472527472527472,True,0.16440873898851358,0.8096191262476693
SVR,107,17,False,PFI,0.8197802197802198,True,0.14357169256825994,0.8174051481731548
SVR,107,17,False,KernelSHAP,0.8197802197802198,True,0.14357169256825994,0.8174051481731548
GBRT,107,18,False,PFI,0.46373626373626364,True,0.1627913852282219,0.7692328640718595
GBRT,107,18,False,KernelSHAP,0.6703296703296703,True,0.1627913852282219,0.7692328640718595
LR,107,18,False,PFI,0.6835164835164835,True,0.18538014871195663,0.7114231422380912
LR,107,18,False,KernelSHAP,0.7274725274725276,True,0.18538014871195663,0.7114231422380912
RF,107,18,False,PFI,0.8109890109890111,True,0.1673001290407827,0.7695925673564938
RF,107,18,False,KernelSHAP,0.8681318681318682,True,0.1673001290407827,0.7695925673564938
SVR,107,18,False,PFI,0.665934065934066,True,0.1421249418504488,0.8059125377440775
SVR,107,18,False,KernelSHAP,0.8505494505494505,True,0.1421249418504488,0.8059125377440775
GBRT,107,19,False,PFI,0.8285714285714285,True,0.14429552304976848,0.8229034933784571
GBRT,107,19,False,KernelSHAP,0.956043956043956,True,0.14429552304976848,0.8229034933784571
LR,107,19,False,PFI,0.9692307692307693,True,0.19725605422276843,0.696676793393842
LR,107,19,False,KernelSHAP,0.9472527472527472,True,0.19725605422276843,0.696676793393842
RF,107,19,False,PFI,0.9208791208791209,True,0.16244683866181175,0.8119865566062324
RF,107,19,False,KernelSHAP,0.8637362637362638,True,0.16244683866181175,0.8119865566062324
SVR,107,19,False,PFI,0.832967032967033,True,0.14621669981372784,0.8218276053258036
SVR,107,19,False,KernelSHAP,0.8549450549450549,True,0.14621669981372784,0.8218276053258036
GBRT,107,1,False,PFI,0.621978021978022,True,0.17631378715881263,0.7225224520862882
GBRT,107,1,False,KernelSHAP,0.8373626373626375,True,0.17631378715881263,0.7225224520862882
LR,107,1,False,PFI,0.7934065934065934,True,0.17620930503229748,0.75856800501757
LR,107,1,False,KernelSHAP,0.8109890109890111,True,0.17620930503229748,0.75856800501757
RF,107,1,False,PFI,0.9296703296703297,True,0.17624110100252827,0.7774460177146412
RF,107,1,False,KernelSHAP,0.8637362637362638,True,0.17624110100252827,0.7774460177146412
SVR,107,1,False,PFI,0.8197802197802198,True,0.14274702890728863,0.8331230924217881
SVR,107,1,False,KernelSHAP,0.9472527472527472,True,0.14274702890728863,0.8331230924217881
GBRT,107,20,False,PFI,0.9032967032967033,True,0.18668455323071018,0.692908758159716
GBRT,107,20,False,KernelSHAP,0.8549450549450549,True,0.18668455323071018,0.692908758159716
LR,107,20,False,PFI,0.956043956043956,True,0.19570169137218146,0.6570921698779626
LR,107,20,False,KernelSHAP,0.9516483516483516,True,0.19570169137218146,0.6570921698779626
RF,107,20,False,PFI,0.9340659340659341,True,0.15969076920958847,0.7908562242341413
RF,107,20,False,KernelSHAP,0.9252747252747253,True,0.15969076920958847,0.7908562242341413
SVR,107,20,False,PFI,0.7362637362637363,True,0.1684097305142839,0.7738739146913239
SVR,107,20,False,KernelSHAP,0.8901098901098902,True,0.1684097305142839,0.7738739146913239
GBRT,107,21,False,PFI,0.7582417582417583,True,0.14766535659565927,0.8109535201008967
GBRT,107,21,False,KernelSHAP,0.9120879120879121,True,0.14766535659565927,0.8109535201008967
LR,107,21,False,PFI,0.9296703296703297,True,0.19306015748992805,0.6940930590476458
LR,107,21,False,KernelSHAP,0.8769230769230769,True,0.19306015748992805,0.6940930590476458
RF,107,21,False,PFI,0.8681318681318682,True,0.15455493401071252,0.8182741308055652
RF,107,21,False,KernelSHAP,0.8461538461538461,True,0.15455493401071252,0.8182741308055652
SVR,107,21,False,PFI,0.8549450549450549,True,0.1435619341587695,0.8389408300638403
SVR,107,21,False,KernelSHAP,0.8681318681318682,True,0.1435619341587695,0.8389408300638403
GBRT,107,22,False,PFI,0.8241758241758241,True,0.14606725328771372,0.8203149117518628
GBRT,107,22,False,KernelSHAP,0.8945054945054945,True,0.14606725328771372,0.8203149117518628
LR,107,22,False,PFI,0.8241758241758241,True,0.1823902398268311,0.7058979024527395
LR,107,22,False,KernelSHAP,0.8901098901098902,True,0.1823902398268311,0.7058979024527395
RF,107,22,False,PFI,0.956043956043956,True,0.1751639941480488,0.7793824644691925
RF,107,22,False,KernelSHAP,0.9604395604395607,True,0.1751639941480488,0.7793824644691925
SVR,107,22,False,PFI,0.8901098901098902,True,0.13139216958115585,0.8690050699727796
SVR,107,22,False,KernelSHAP,0.8813186813186813,True,0.13139216958115585,0.8690050699727796
GBRT,107,23,False,PFI,0.7890109890109891,True,0.1671850518817481,0.7254946589213975
GBRT,107,23,False,KernelSHAP,0.9472527472527472,True,0.1671850518817481,0.7254946589213975
LR,107,23,False,PFI,0.8461538461538461,True,0.19419410152545163,0.6687495712555127
LR,107,23,False,KernelSHAP,0.832967032967033,True,0.19419410152545163,0.6687495712555127
RF,107,23,False,PFI,0.8505494505494505,True,0.18093205059342274,0.7153636000762384
RF,107,23,False,KernelSHAP,0.9076923076923077,True,0.18093205059342274,0.7153636000762384
SVR,107,23,False,PFI,0.7626373626373627,True,0.15930474906975134,0.7553539657562471
SVR,107,23,False,KernelSHAP,0.8769230769230769,True,0.15930474906975134,0.7553539657562471
GBRT,107,24,False,PFI,0.6263736263736264,True,0.12932991363865956,0.8502566160320946
GBRT,107,24,False,KernelSHAP,0.8197802197802198,True,0.12932991363865956,0.8502566160320946
LR,107,24,False,PFI,0.9076923076923077,True,0.2000212263773577,0.6615409510123818
LR,107,24,False,KernelSHAP,0.9120879120879121,True,0.2000212263773577,0.6615409510123818
RF,107,24,False,PFI,0.9208791208791209,True,0.1411188748154284,0.8360957778031475
RF,107,24,False,KernelSHAP,0.7494505494505495,True,0.1411188748154284,0.8360957778031475
SVR,107,24,False,PFI,0.8989010989010989,True,0.12780025934516145,0.86724904794041
SVR,107,24,False,KernelSHAP,0.8197802197802198,True,0.12780025934516145,0.86724904794041
GBRT,107,25,False,PFI,0.832967032967033,True,0.15115701090122247,0.7769448329390637
GBRT,107,25,False,KernelSHAP,0.9252747252747253,True,0.15115701090122247,0.7769448329390637
LR,107,25,False,PFI,0.8945054945054945,True,0.1921738620182868,0.6853421059151243
LR,107,25,False,KernelSHAP,0.9384615384615385,True,0.1921738620182868,0.6853421059151243
RF,107,25,False,PFI,0.9032967032967033,True,0.15633803683028574,0.8206221237701716
RF,107,25,False,KernelSHAP,0.9516483516483516,True,0.15633803683028574,0.8206221237701716
SVR,107,25,False,PFI,0.9252747252747253,True,0.1223676630906485,0.8857463808256689
SVR,107,25,False,KernelSHAP,0.9736263736263736,True,0.1223676630906485,0.8857463808256689
GBRT,107,26,False,PFI,0.5032967032967033,True,0.18662992598270037,0.6315580206352307
GBRT,107,26,False,KernelSHAP,0.8813186813186813,True,0.18662992598270037,0.6315580206352307
LR,107,26,False,PFI,0.9076923076923077,True,0.19617427119756256,0.6672311173443988
LR,107,26,False,KernelSHAP,0.8241758241758241,True,0.19617427119756256,0.6672311173443988
RF,107,26,False,PFI,0.7494505494505495,True,0.196740402115225,0.6959194847442985
RF,107,26,False,KernelSHAP,0.8857142857142857,True,0.196740402115225,0.6959194847442985
SVR,107,26,False,PFI,0.8549450549450549,True,0.18423785474469628,0.708015002779236
SVR,107,26,False,KernelSHAP,0.9032967032967033,True,0.18423785474469628,0.708015002779236
GBRT,107,27,False,PFI,0.7274725274725276,True,0.14186343117806166,0.8304444747757598
GBRT,107,27,False,KernelSHAP,0.9120879120879121,True,0.14186343117806166,0.8304444747757598
LR,107,27,False,PFI,0.8505494505494505,True,0.1785181999801585,0.7116906738658204
LR,107,27,False,KernelSHAP,0.8857142857142857,True,0.1785181999801585,0.7116906738658204
RF,107,27,False,PFI,0.7978021978021977,True,0.16026495631839205,0.807763971765691
RF,107,27,False,KernelSHAP,0.8505494505494505,True,0.16026495631839205,0.807763971765691
SVR,107,27,False,PFI,0.7802197802197802,True,0.15291694218292182,0.8018735683464088
SVR,107,27,False,KernelSHAP,0.9296703296703297,True,0.15291694218292182,0.8018735683464088
GBRT,107,28,False,PFI,0.8197802197802198,True,0.15338401024044043,0.7791850904428564
GBRT,107,28,False,KernelSHAP,0.9296703296703297,True,0.15338401024044043,0.7791850904428564
LR,107,28,False,PFI,0.8769230769230769,True,0.18807108129439162,0.7202382587362287
LR,107,28,False,KernelSHAP,0.8197802197802198,True,0.18807108129439162,0.7202382587362287
RF,107,28,False,PFI,0.9252747252747253,True,0.1755698134282277,0.7578445228616063
RF,107,28,False,KernelSHAP,0.9428571428571428,True,0.1755698134282277,0.7578445228616063
SVR,107,28,False,PFI,0.9032967032967033,True,0.13044635986188824,0.8615887653580621
SVR,107,28,False,KernelSHAP,0.8637362637362638,True,0.13044635986188824,0.8615887653580621
GBRT,107,29,False,PFI,0.6615384615384616,True,0.16333948274145316,0.7668889039689443
GBRT,107,29,False,KernelSHAP,0.8681318681318682,True,0.16333948274145316,0.7668889039689443
LR,107,29,False,PFI,0.956043956043956,True,0.20658802265593568,0.6332491012634681
LR,107,29,False,KernelSHAP,0.9472527472527472,True,0.20658802265593568,0.6332491012634681
RF,107,29,False,PFI,0.7802197802197802,True,0.17723056357408684,0.724985958369307
RF,107,29,False,KernelSHAP,0.9252747252747253,True,0.17723056357408684,0.724985958369307
SVR,107,29,False,PFI,0.8681318681318682,True,0.1589753591313112,0.7839591617938714
SVR,107,29,False,KernelSHAP,0.9120879120879121,True,0.1589753591313112,0.7839591617938714
GBRT,107,2,False,PFI,0.6879120879120879,True,0.13145624757728402,0.8379060844416305
GBRT,107,2,False,KernelSHAP,0.9472527472527472,True,0.13145624757728402,0.8379060844416305
LR,107,2,False,PFI,0.9164835164835166,True,0.1967805013241434,0.6856161340941718
LR,107,2,False,KernelSHAP,0.9384615384615385,True,0.1967805013241434,0.6856161340941718
RF,107,2,False,PFI,0.9032967032967033,True,0.15097071595504744,0.8043015510909362
RF,107,2,False,KernelSHAP,0.8549450549450549,True,0.15097071595504744,0.8043015510909362
SVR,107,2,False,PFI,0.8461538461538461,True,0.15923968094437724,0.8026169562595478
SVR,107,2,False,KernelSHAP,0.8461538461538461,True,0.15923968094437724,0.8026169562595478
GBRT,107,3,False,PFI,0.6615384615384616,True,0.17381822029496338,0.7143697146610315
GBRT,107,3,False,KernelSHAP,0.8153846153846154,True,0.17381822029496338,0.7143697146610315
LR,107,3,False,PFI,0.2351648351648352,True,0.22087662362330762,0.6356705426645286
LR,107,3,False,KernelSHAP,0.5384615384615385,True,0.22087662362330762,0.6356705426645286
RF,107,3,False,PFI,0.8021978021978022,True,0.18566440256040517,0.7623837115933957
RF,107,3,False,KernelSHAP,0.8945054945054945,True,0.18566440256040517,0.7623837115933957
SVR,107,3,False,PFI,0.8153846153846154,True,0.13265348940187827,0.856235544078663
SVR,107,3,False,KernelSHAP,0.7626373626373627,True,0.13265348940187827,0.856235544078663
GBRT,107,4,False,PFI,0.8021978021978022,True,0.14486942361093735,0.8243455300340052
GBRT,107,4,False,KernelSHAP,0.9384615384615385,True,0.14486942361093735,0.8243455300340052
LR,107,4,False,PFI,0.9736263736263736,True,0.20236242745298563,0.682731396662263
LR,107,4,False,KernelSHAP,0.9780219780219781,True,0.20236242745298563,0.682731396662263
RF,107,4,False,PFI,0.9296703296703297,True,0.14288794976291347,0.8463567895193649
RF,107,4,False,KernelSHAP,0.9296703296703297,True,0.14288794976291347,0.8463567895193649
SVR,107,4,False,PFI,0.8549450549450549,True,0.15556899496048845,0.8237570469781066
SVR,107,4,False,KernelSHAP,0.9868131868131869,True,0.15556899496048845,0.8237570469781066
GBRT,107,5,False,PFI,0.6747252747252748,True,0.14633158797620943,0.7699717309941317
GBRT,107,5,False,KernelSHAP,0.7098901098901099,True,0.14633158797620943,0.7699717309941317
LR,107,5,False,PFI,0.6791208791208792,True,0.21465154455641583,0.6315977859210444
LR,107,5,False,KernelSHAP,0.5560439560439561,True,0.21465154455641583,0.6315977859210444
RF,107,5,False,PFI,0.8021978021978022,True,0.14676777088823323,0.849821018566493
RF,107,5,False,KernelSHAP,0.8637362637362638,True,0.14676777088823323,0.849821018566493
SVR,107,5,False,PFI,0.5956043956043956,True,0.1302009367954591,0.8515254290288993
SVR,107,5,False,KernelSHAP,0.5604395604395604,True,0.1302009367954591,0.8515254290288993
GBRT,107,6,False,PFI,0.6703296703296703,True,0.20151372186767763,0.6140813945017729
GBRT,107,6,False,KernelSHAP,0.7846153846153847,True,0.20151372186767763,0.6140813945017729
LR,107,6,False,PFI,0.9736263736263736,True,0.2161758073360151,0.6151752627815928
LR,107,6,False,KernelSHAP,0.956043956043956,True,0.2161758073360151,0.6151752627815928
RF,107,6,False,PFI,0.8021978021978022,True,0.18151762306317734,0.7523761265467729
RF,107,6,False,KernelSHAP,0.9208791208791209,True,0.18151762306317734,0.7523761265467729
SVR,107,6,False,PFI,0.832967032967033,True,0.1614871106477305,0.7892609283595151
SVR,107,6,False,KernelSHAP,0.8153846153846154,True,0.1614871106477305,0.7892609283595151
GBRT,107,7,False,PFI,0.6175824175824175,True,0.1675852035808879,0.7549932697380537
GBRT,107,7,False,KernelSHAP,0.832967032967033,True,0.1675852035808879,0.7549932697380537
LR,107,7,False,PFI,0.9516483516483516,True,0.20023558214244755,0.629740262471076
LR,107,7,False,KernelSHAP,0.9780219780219781,True,0.20023558214244755,0.629740262471076
RF,107,7,False,PFI,0.8725274725274725,True,0.18549371794571434,0.7167081946499978
RF,107,7,False,KernelSHAP,0.9384615384615385,True,0.18549371794571434,0.7167081946499978
SVR,107,7,False,PFI,0.8549450549450549,True,0.15600808735490576,0.759449963594051
SVR,107,7,False,KernelSHAP,0.9120879120879121,True,0.15600808735490576,0.759449963594051
GBRT,107,8,False,PFI,0.8285714285714285,True,0.14248888622939007,0.7887372958776165
GBRT,107,8,False,KernelSHAP,0.9428571428571428,True,0.14248888622939007,0.7887372958776165
LR,107,8,False,PFI,0.8285714285714285,True,0.1762485816196051,0.7355563892717938
LR,107,8,False,KernelSHAP,0.8373626373626375,True,0.1762485816196051,0.7355563892717938
RF,107,8,False,PFI,0.8197802197802198,True,0.1535392478513557,0.7992862469576283
RF,107,8,False,KernelSHAP,0.8241758241758241,True,0.1535392478513557,0.7992862469576283
SVR,107,8,False,PFI,0.6615384615384616,True,0.15466154926312775,0.790583026215948
SVR,107,8,False,KernelSHAP,0.8901098901098902,True,0.15466154926312775,0.790583026215948
GBRT,107,9,False,PFI,0.7934065934065934,True,0.19043121412938466,0.6763667725711736
GBRT,107,9,False,KernelSHAP,0.9076923076923077,True,0.19043121412938466,0.6763667725711736
LR,107,9,False,PFI,0.9120879120879121,True,0.21150104541250436,0.6334906853528391
LR,107,9,False,KernelSHAP,0.9120879120879121,True,0.21150104541250436,0.6334906853528391
RF,107,9,False,PFI,0.9868131868131869,True,0.16765856618217134,0.7707513416768963
RF,107,9,False,KernelSHAP,0.9604395604395607,True,0.16765856618217134,0.7707513416768963
SVR,107,9,False,PFI,0.9384615384615385,True,0.14623015183366142,0.8094984463758712
SVR,107,9,False,KernelSHAP,0.9340659340659341,True,0.14623015183366142,0.8094984463758712
GBRT,36,0,False,PFI,0.3934065934065934,True,0.19852117913212208,0.6476256598521398
GBRT,36,0,False,KernelSHAP,0.5472527472527472,True,0.19852117913212208,0.6476256598521398
LR,36,0,False,PFI,0.6263736263736264,True,0.19686838221117087,0.6454244806508183
LR,36,0,False,KernelSHAP,0.5076923076923077,True,0.19686838221117087,0.6454244806508183
RF,36,0,False,PFI,0.8021978021978022,True,0.24051362585486466,0.5297189847361322
RF,36,0,False,KernelSHAP,0.3274725274725274,True,0.24051362585486466,0.5297189847361322
SVR,36,0,False,PFI,0.5956043956043956,True,0.17851156385502145,0.7290647700050508
SVR,36,0,False,KernelSHAP,0.27912087912087913,True,0.17851156385502145,0.7290647700050508
GBRT,36,10,False,PFI,0.5912087912087912,True,0.2285169281415366,0.4168212670011653
GBRT,36,10,False,KernelSHAP,-0.23076923076923075,True,0.2285169281415366,0.4168212670011653
LR,36,10,False,PFI,0.46373626373626364,True,0.21195514929575907,0.6459367359028231
LR,36,10,False,KernelSHAP,0.3230769230769231,True,0.21195514929575907,0.6459367359028231
RF,36,10,False,PFI,0.6175824175824175,True,0.24143319988987239,0.53561207131119
RF,36,10,False,KernelSHAP,0.23956043956043957,True,0.24143319988987239,0.53561207131119
SVR,36,10,False,PFI,0.37142857142857144,True,0.2241777884745805,0.43400671511165223
SVR,36,10,False,KernelSHAP,0.13406593406593406,True,0.2241777884745805,0.43400671511165223
GBRT,36,11,False,PFI,0.6615384615384616,True,0.1792343055382677,0.7486447354345601
GBRT,36,11,False,KernelSHAP,0.6879120879120879,True,0.1792343055382677,0.7486447354345601
LR,36,11,False,PFI,0.2,True,0.30236091569899626,0.2580543942562309
LR,36,11,False,KernelSHAP,0.5340659340659341,True,0.30236091569899626,0.2580543942562309
RF,36,11,False,PFI,0.8241758241758241,True,0.21001078784692248,0.6607629610927916
RF,36,11,False,KernelSHAP,0.5428571428571429,True,0.21001078784692248,0.6607629610927916
SVR,36,11,False,PFI,0.6,True,0.14722638165836133,0.8310592943354929
SVR,36,11,False,KernelSHAP,0.8241758241758241,True,0.14722638165836133,0.8310592943354929
GBRT,36,12,False,PFI,0.6087912087912088,True,0.23224109629927325,0.580926829051241
GBRT,36,12,False,KernelSHAP,0.5648351648351648,True,0.23224109629927325,0.580926829051241
LR,36,12,False,PFI,0.6131868131868132,True,0.24791324674952347,0.42614125222204013
LR,36,12,False,KernelSHAP,0.621978021978022,True,0.24791324674952347,0.42614125222204013
RF,36,12,False,PFI,0.7758241758241758,True,0.22844866056796176,0.5541549408081703
RF,36,12,False,KernelSHAP,0.8285714285714285,True,0.22844866056796176,0.5541549408081703
SVR,36,12,False,PFI,0.6439560439560439,True,0.2357577696502908,0.5288123559522547
SVR,36,12,False,KernelSHAP,0.4813186813186813,True,0.2357577696502908,0.5288123559522547
GBRT,36,13,False,PFI,0.8857142857142857,True,0.2712886882231673,0.24228844480625222
GBRT,36,13,False,KernelSHAP,0.6835164835164835,True,0.2712886882231673,0.24228844480625222
LR,36,13,False,PFI,0.8637362637362638,True,0.27273255189584733,0.37585460495671785
LR,36,13,False,KernelSHAP,0.832967032967033,True,0.27273255189584733,0.37585460495671785
RF,36,13,False,PFI,0.8285714285714285,True,0.23976923507796993,0.4544462209286978
RF,36,13,False,KernelSHAP,0.5384615384615385,True,0.23976923507796993,0.4544462209286978
SVR,36,13,False,PFI,0.5428571428571429,True,0.29534883642655196,0.1263879785116918
SVR,36,13,False,KernelSHAP,0.3802197802197802,True,0.29534883642655196,0.1263879785116918
GBRT,36,14,False,PFI,0.6043956043956044,True,0.23887595422384716,0.346756968556139
GBRT,36,14,False,KernelSHAP,0.389010989010989,True,0.23887595422384716,0.346756968556139
LR,36,14,False,PFI,0.3098901098901099,True,0.2732819760805876,0.26220214384379525
LR,36,14,False,KernelSHAP,0.3626373626373627,True,0.2732819760805876,0.26220214384379525
RF,36,14,False,PFI,0.7142857142857143,True,0.21806888603601424,0.4822844413878141
RF,36,14,False,KernelSHAP,0.6835164835164835,True,0.21806888603601424,0.4822844413878141
SVR,36,14,False,PFI,0.7098901098901099,True,0.24278390423457566,0.4198841177604463
SVR,36,14,False,KernelSHAP,0.5560439560439561,True,0.24278390423457566,0.4198841177604463
GBRT,36,15,False,PFI,0.7494505494505495,True,0.17918582066224945,0.733405878236017
GBRT,36,15,False,KernelSHAP,0.5824175824175825,True,0.17918582066224945,0.733405878236017
LR,36,15,False,PFI,0.7318681318681319,True,0.2487817945079153,0.44043677387326374
LR,36,15,False,KernelSHAP,0.6703296703296703,True,0.2487817945079153,0.44043677387326374
RF,36,15,False,PFI,0.665934065934066,True,0.2115707395716543,0.6855808048017733
RF,36,15,False,KernelSHAP,0.5824175824175825,True,0.2115707395716543,0.6855808048017733
SVR,36,15,False,PFI,0.5208791208791209,True,0.16282029797555891,0.7652655990822245
SVR,36,15,False,KernelSHAP,0.5736263736263736,True,0.16282029797555891,0.7652655990822245
GBRT,36,16,False,PFI,0.6307692307692307,True,0.22579810133344727,0.49266862874705397
GBRT,36,16,False,KernelSHAP,0.6879120879120879,True,0.22579810133344727,0.49266862874705397
LR,36,16,False,PFI,0.6439560439560439,True,0.2627565754193646,0.4040349189093285
LR,36,16,False,KernelSHAP,0.6615384615384616,True,0.2627565754193646,0.4040349189093285
RF,36,16,False,PFI,0.7318681318681319,True,0.2626194292987516,0.36889833974196906
RF,36,16,False,KernelSHAP,0.6,True,0.2626194292987516,0.36889833974196906
SVR,36,16,False,PFI,0.665934065934066,True,0.1934014338391934,0.653467201423277
SVR,36,16,False,KernelSHAP,0.8769230769230769,True,0.1934014338391934,0.653467201423277
GBRT,36,17,False,PFI,0.2879120879120879,True,0.22939450454373952,0.5640305996188499
GBRT,36,17,False,KernelSHAP,0.5208791208791209,True,0.22939450454373952,0.5640305996188499
LR,36,17,False,PFI,0.6307692307692307,True,0.35583772943793307,-0.13830690389883027
LR,36,17,False,KernelSHAP,0.6703296703296703,True,0.35583772943793307,-0.13830690389883027
RF,36,17,False,PFI,0.6791208791208792,True,0.27142917298142144,0.4502867026897288
RF,36,17,False,KernelSHAP,0.7186813186813187,True,0.27142917298142144,0.4502867026897288
SVR,36,17,False,PFI,0.5296703296703297,True,0.1799942086429612,0.6872642166560293
SVR,36,17,False,KernelSHAP,0.5516483516483517,True,0.1799942086429612,0.6872642166560293
GBRT,36,18,False,PFI,0.5868131868131868,True,0.18522040536965315,0.6015055085897603
GBRT,36,18,False,KernelSHAP,0.5296703296703297,True,0.18522040536965315,0.6015055085897603
LR,36,18,False,PFI,0.42857142857142855,True,0.20173188869366548,0.6661538653932837
LR,36,18,False,KernelSHAP,0.5296703296703297,True,0.20173188869366548,0.6661538653932837
RF,36,18,False,PFI,0.8681318681318682,True,0.20303482568846168,0.6712202320841275
RF,36,18,False,KernelSHAP,0.4593406593406593,True,0.20303482568846168,0.6712202320841275
SVR,36,18,False,PFI,0.6527472527472528,True,0.17825907729768378,0.6233754115652062
SVR,36,18,False,KernelSHAP,0.8197802197802198,True,0.17825907729768378,0.6233754115652062
GBRT,36,19,False,PFI,0.5032967032967033,True,0.21611927268365416,0.530923489555063
GBRT,36,19,False,KernelSHAP,0.39780219780219783,True,0.21611927268365416,0.530923489555063
LR,36,19,False,PFI,0.3362637362637363,True,0.28424175237212856,0.30965317030373074
LR,36,19,False,KernelSHAP,0.3934065934065934,True,0.28424175237212856,0.30965317030373074
RF,36,19,False,PFI,0.6747252747252748,True,0.23342193479191206,0.5196385579536251
RF,36,19,False,KernelSHAP,0.5296703296703297,True,0.23342193479191206,0.5196385579536251
SVR,36,19,False,PFI,0.47252747252747257,True,0.19067546800938823,0.710814409238554
SVR,36,19,False,KernelSHAP,0.2923076923076923,True,0.19067546800938823,0.710814409238554
GBRT,36,1,False,PFI,0.6131868131868132,True,0.21536487349796293,0.6333777375487242
GBRT,36,1,False,KernelSHAP,0.5956043956043956,True,0.21536487349796293,0.6333777375487242
LR,36,1,False,PFI,0.3538461538461538,True,0.2032468877861476,0.6641256082244631
LR,36,1,False,KernelSHAP,0.5252747252747253,True,0.2032468877861476,0.6641256082244631
RF,36,1,False,PFI,0.5868131868131868,True,0.19579000299762395,0.697409494261509
RF,36,1,False,KernelSHAP,0.7714285714285714,True,0.19579000299762395,0.697409494261509
SVR,36,1,False,PFI,0.7362637362637363,True,0.1557454873550837,0.7902338859720188
SVR,36,1,False,KernelSHAP,0.2967032967032967,True,0.1557454873550837,0.7902338859720188
GBRT,36,20,False,PFI,0.5604395604395604,True,0.24752484230128768,0.46894334205439014
GBRT,36,20,False,KernelSHAP,0.7406593406593407,True,0.24752484230128768,0.46894334205439014
LR,36,20,False,PFI,0.7802197802197802,True,0.3098865259125472,0.20067620104447104
LR,36,20,False,KernelSHAP,0.7890109890109891,True,0.3098865259125472,0.20067620104447104
RF,36,20,False,PFI,0.42857142857142855,True,0.2628867263643989,0.42627677517014606
RF,36,20,False,KernelSHAP,0.6131868131868132,True,0.2628867263643989,0.42627677517014606
SVR,36,20,False,PFI,0.5692307692307692,True,0.2587515756772849,0.45969460661506045
SVR,36,20,False,KernelSHAP,0.6263736263736264,True,0.2587515756772849,0.45969460661506045
GBRT,36,21,False,PFI,0.4461538461538462,True,0.2659455185248915,0.4149301087339664
GBRT,36,21,False,KernelSHAP,0.21318681318681318,True,0.2659455185248915,0.4149301087339664
LR,36,21,False,PFI,0.45494505494505494,True,0.34363605826466775,-0.6834554546715108
LR,36,21,False,KernelSHAP,0.5428571428571429,True,0.34363605826466775,-0.6834554546715108
RF,36,21,False,PFI,0.8065934065934066,True,0.2644347946338493,0.5055646843647972
RF,36,21,False,KernelSHAP,0.35824175824175825,True,0.2644347946338493,0.5055646843647972
SVR,36,21,False,PFI,0.8725274725274725,True,0.1773922210848761,0.7363921007904422
SVR,36,21,False,KernelSHAP,0.7274725274725276,True,0.1773922210848761,0.7363921007904422
GBRT,36,22,False,PFI,0.5516483516483517,True,0.19591654038001763,0.7083145395414544
GBRT,36,22,False,KernelSHAP,0.8153846153846154,True,0.19591654038001763,0.7083145395414544
LR,36,22,False,PFI,-0.054945054945054944,True,0.25446870819656087,0.36568715179897104
LR,36,22,False,KernelSHAP,0.05054945054945055,True,0.25446870819656087,0.36568715179897104
RF,36,22,False,PFI,0.5208791208791209,True,0.2543462795434162,0.4592001437936776
RF,36,22,False,KernelSHAP,0.6923076923076923,True,0.2543462795434162,0.4592001437936776
SVR,36,22,False,PFI,0.7494505494505495,True,0.17295662803136744,0.770439616101434
SVR,36,22,False,KernelSHAP,0.9032967032967033,True,0.17295662803136744,0.770439616101434
GBRT,36,23,False,PFI,0.5252747252747253,True,0.3224231101302097,0.13550810939791824
GBRT,36,23,False,KernelSHAP,0.4197802197802198,True,0.3224231101302097,0.13550810939791824
LR,36,23,False,PFI,0.49890109890109896,True,0.2821241497782552,0.36530354378983365
LR,36,23,False,KernelSHAP,0.5032967032967033,True,0.2821241497782552,0.36530354378983365
RF,36,23,False,PFI,0.7978021978021977,True,0.2806159427363679,0.44842440301358144
RF,36,23,False,KernelSHAP,0.745054945054945,True,0.2806159427363679,0.44842440301358144
SVR,36,23,False,PFI,0.4945054945054946,True,0.28170151431283785,0.37611966727099577
SVR,36,23,False,KernelSHAP,0.4681318681318682,True,0.28170151431283785,0.37611966727099577
GBRT,36,24,False,PFI,0.6791208791208792,True,0.15253392895065593,0.7419997976210166
GBRT,36,24,False,KernelSHAP,0.5868131868131868,True,0.15253392895065593,0.7419997976210166
LR,36,24,False,PFI,0.2879120879120879,True,0.3311286285762258,-0.11337499514621774
LR,36,24,False,KernelSHAP,0.1076923076923077,True,0.3311286285762258,-0.11337499514621774
RF,36,24,False,PFI,0.8021978021978022,True,0.17118266860892012,0.7486354311896237
RF,36,24,False,KernelSHAP,0.6307692307692307,True,0.17118266860892012,0.7486354311896237
SVR,36,24,False,PFI,0.621978021978022,True,0.15788523612144145,0.7680851578071812
SVR,36,24,False,KernelSHAP,0.5340659340659341,True,0.15788523612144145,0.7680851578071812
GBRT,36,25,False,PFI,0.5164835164835165,True,0.3147739175240829,0.19036023849131145
GBRT,36,25,False,KernelSHAP,0.27912087912087913,True,0.3147739175240829,0.19036023849131145
LR,36,25,False,PFI,0.4197802197802198,True,0.26363795414415053,0.4116265145999608
LR,36,25,False,KernelSHAP,0.5912087912087912,True,0.26363795414415053,0.4116265145999608
RF,36,25,False,PFI,0.5076923076923077,True,0.25253442092836653,0.4812201730524369
RF,36,25,False,KernelSHAP,0.37142857142857144,True,0.25253442092836653,0.4812201730524369
SVR,36,25,False,PFI,0.3802197802197802,True,0.2848554814859443,0.2277137164479598
SVR,36,25,False,KernelSHAP,0.3450549450549451,True,0.2848554814859443,0.2277137164479598
GBRT,36,26,False,PFI,-0.05054945054945055,True,0.3136098891637878,0.09472357060065173
GBRT,36,26,False,KernelSHAP,0.3318681318681319,True,0.3136098891637878,0.09472357060065173
LR,36,26,False,PFI,-0.04615384615384615,True,0.2958929767080024,0.21966943174977416
LR,36,26,False,KernelSHAP,0.3274725274725274,True,0.2958929767080024,0.21966943174977416
RF,36,26,False,PFI,0.4065934065934066,True,0.2572190519083951,0.5688180666283496
RF,36,26,False,KernelSHAP,0.5780219780219781,True,0.2572190519083951,0.5688180666283496
SVR,36,26,False,PFI,0.054945054945054944,True,0.2556878447774453,0.5456333767751385
SVR,36,26,False,KernelSHAP,0.2879120879120879,True,0.2556878447774453,0.5456333767751385
GBRT,36,27,False,PFI,0.4021978021978022,True,0.1808156839106666,0.6771980039092527
GBRT,36,27,False,KernelSHAP,0.6791208791208792,True,0.1808156839106666,0.6771980039092527
LR,36,27,False,PFI,0.5472527472527472,True,0.2701187532539361,0.42910594181436246
LR,36,27,False,KernelSHAP,0.5252747252747253,True,0.2701187532539361,0.42910594181436246
RF,36,27,False,PFI,0.6791208791208792,True,0.20922639332096996,0.6147070197565483
RF,36,27,False,KernelSHAP,0.4197802197802198,True,0.20922639332096996,0.6147070197565483
SVR,36,27,False,PFI,0.5560439560439561,True,0.17756691294106486,0.7551626631909976
SVR,36,27,False,KernelSHAP,0.5560439560439561,True,0.17756691294106486,0.7551626631909976
GBRT,36,28,False,PFI,0.7010989010989012,True,0.20868180847381768,0.5329978863226188
GBRT,36,28,False,KernelSHAP,0.832967032967033,True,0.20868180847381768,0.5329978863226188
LR,36,28,False,PFI,0.7714285714285714,True,0.2823057430223807,0.26765635383571074
LR,36,28,False,KernelSHAP,0.6087912087912088,True,0.2823057430223807,0.26765635383571074
RF,36,28,False,PFI,0.7582417582417583,True,0.22721553200438585,0.5568130841343619
RF,36,28,False,KernelSHAP,0.7626373626373627,True,0.22721553200438585,0.5568130841343619
SVR,36,28,False,PFI,0.7230769230769231,True,0.23513982236718473,0.5282023061354757
SVR,36,28,False,KernelSHAP,0.5472527472527472,True,0.23513982236718473,0.5282023061354757
GBRT,36,29,False,PFI,0.23076923076923075,True,0.20178196110446925,0.6657448777483328
GBRT,36,29,False,KernelSHAP,0.059340659340659345,True,0.20178196110446925,0.6657448777483328
LR,36,29,False,PFI,0.35824175824175825,True,0.31308002419569614,0.04615299492665714
LR,36,29,False,KernelSHAP,0.3274725274725274,True,0.31308002419569614,0.04615299492665714
RF,36,29,False,PFI,0.6835164835164835,True,0.2062903290775753,0.6745164881054184
RF,36,29,False,KernelSHAP,0.4241758241758242,True,0.2062903290775753,0.6745164881054184
SVR,36,29,False,PFI,0.16043956043956045,True,0.2273215667641777,0.5518681148799718
SVR,36,29,False,KernelSHAP,-0.1956043956043956,True,0.2273215667641777,0.5518681148799718
GBRT,36,2,False,PFI,0.7714285714285714,True,0.21069876175569763,0.6684969487461413
GBRT,36,2,False,KernelSHAP,0.6879120879120879,True,0.21069876175569763,0.6684969487461413
LR,36,2,False,PFI,0.5780219780219781,True,0.28942160202769124,0.27980418228955084
LR,36,2,False,KernelSHAP,0.5648351648351648,True,0.28942160202769124,0.27980418228955084
RF,36,2,False,PFI,0.9296703296703297,True,0.22434738944150556,0.6350390957514112
RF,36,2,False,KernelSHAP,0.8549450549450549,True,0.22434738944150556,0.6350390957514112
SVR,36,2,False,PFI,0.4681318681318682,True,0.19672253184407187,0.6785466589558008
SVR,36,2,False,KernelSHAP,0.38461538461538464,True,0.19672253184407187,0.6785466589558008
GBRT,36,3,False,PFI,0.059340659340659345,True,0.24736700807495016,0.49949881696218457
GBRT,36,3,False,KernelSHAP,0.27472527472527475,True,0.24736700807495016,0.49949881696218457
LR,36,3,False,PFI,0.832967032967033,True,0.2448927147666151,0.5245982607290068
LR,36,3,False,KernelSHAP,0.49890109890109896,True,0.2448927147666151,0.5245982607290068
RF,36,3,False,PFI,0.8857142857142857,True,0.19888563665673142,0.6693985720676037
RF,36,3,False,KernelSHAP,0.6791208791208792,True,0.19888563665673142,0.6693985720676037
SVR,36,3,False,PFI,0.5252747252747253,True,0.16749050174377086,0.7246746064229016
SVR,36,3,False,KernelSHAP,0.5032967032967033,True,0.16749050174377086,0.7246746064229016
GBRT,36,4,False,PFI,0.5604395604395604,True,0.23123595946925204,0.511594462601117
GBRT,36,4,False,KernelSHAP,0.5208791208791209,True,0.23123595946925204,0.511594462601117
LR,36,4,False,PFI,0.8197802197802198,True,0.2632804171211991,0.4766455131335161
LR,36,4,False,KernelSHAP,0.7274725274725276,True,0.2632804171211991,0.4766455131335161
RF,36,4,False,PFI,0.8065934065934066,True,0.32306745353598226,0.14893127075109946
RF,36,4,False,KernelSHAP,0.1824175824175824,True,0.32306745353598226,0.14893127075109946
SVR,36,4,False,PFI,0.6879120879120879,True,0.19477395698489453,0.678470694117434
SVR,36,4,False,KernelSHAP,0.7978021978021977,True,0.19477395698489453,0.678470694117434
GBRT,36,5,False,PFI,0.23956043956043957,True,0.24952140689886543,0.4211968675832184
GBRT,36,5,False,KernelSHAP,0.46373626373626364,True,0.24952140689886543,0.4211968675832184
LR,36,5,False,PFI,0.39780219780219783,True,0.3410979460546765,0.13872853726106393
LR,36,5,False,KernelSHAP,0.3010989010989011,True,0.3410979460546765,0.13872853726106393
RF,36,5,False,PFI,0.9120879120879121,True,0.24000462243584414,0.5969170939689683
RF,36,5,False,KernelSHAP,0.5868131868131868,True,0.24000462243584414,0.5969170939689683
SVR,36,5,False,PFI,0.4769230769230769,True,0.2057637926226164,0.6834444388769372
SVR,36,5,False,KernelSHAP,0.3494505494505495,True,0.2057637926226164,0.6834444388769372
GBRT,36,6,False,PFI,0.21318681318681318,True,0.2632219355298003,0.39763935030555475
GBRT,36,6,False,KernelSHAP,0.27472527472527475,True,0.2632219355298003,0.39763935030555475
LR,36,6,False,PFI,0.6835164835164835,True,0.37847800675198084,-0.19860617417198778
LR,36,6,False,KernelSHAP,0.7054945054945055,True,0.37847800675198084,-0.19860617417198778
RF,36,6,False,PFI,0.5956043956043956,True,0.20844669597026363,0.6857441898122287
RF,36,6,False,KernelSHAP,0.6307692307692307,True,0.20844669597026363,0.6857441898122287
SVR,36,6,False,PFI,0.621978021978022,True,0.24384035665208367,0.5342455045520484
SVR,36,6,False,KernelSHAP,0.5516483516483517,True,0.24384035665208367,0.5342455045520484
GBRT,36,7,False,PFI,0.432967032967033,True,0.19302166315673475,0.6649718107066307
GBRT,36,7,False,KernelSHAP,-0.02417582417582418,True,0.19302166315673475,0.6649718107066307
LR,36,7,False,PFI,0.5692307692307692,True,0.21865311000517382,0.604514191367707
LR,36,7,False,KernelSHAP,0.6835164835164835,True,0.21865311000517382,0.604514191367707
RF,36,7,False,PFI,0.6307692307692307,True,0.227181601159533,0.6327814267656209
RF,36,7,False,KernelSHAP,0.48571428571428577,True,0.227181601159533,0.6327814267656209
SVR,36,7,False,PFI,0.35824175824175825,True,0.19701519052382296,0.7047442865752807
SVR,36,7,False,KernelSHAP,0.3098901098901099,True,0.19701519052382296,0.7047442865752807
GBRT,36,8,False,PFI,0.7010989010989012,True,0.20753187954148652,0.5645857209702305
GBRT,36,8,False,KernelSHAP,0.39780219780219783,True,0.20753187954148652,0.5645857209702305
LR,36,8,False,PFI,0.3054945054945055,True,0.23045870054842293,0.5383388092742863
LR,36,8,False,KernelSHAP,0.44175824175824174,True,0.23045870054842293,0.5383388092742863
RF,36,8,False,PFI,0.5692307692307692,True,0.1936646604202294,0.6906437894870877
RF,36,8,False,KernelSHAP,0.5208791208791209,True,0.1936646604202294,0.6906437894870877
SVR,36,8,False,PFI,0.410989010989011,True,0.21810402338169396,0.6651897494194201
SVR,36,8,False,KernelSHAP,0.3098901098901099,True,0.21810402338169396,0.6651897494194201
GBRT,36,9,False,PFI,0.5252747252747253,True,0.28876991966632104,0.37410308433302275
GBRT,36,9,False,KernelSHAP,0.17362637362637365,True,0.28876991966632104,0.37410308433302275
LR,36,9,False,PFI,0.3450549450549451,True,0.23412349641883423,0.50728911892949
LR,36,9,False,KernelSHAP,0.7626373626373627,True,0.23412349641883423,0.50728911892949
RF,36,9,False,PFI,0.8769230769230769,True,0.21834449485361168,0.63406605218512
RF,36,9,False,KernelSHAP,0.7142857142857143,True,0.21834449485361168,0.63406605218512
SVR,36,9,False,PFI,0.4461538461538462,True,0.22952676199954436,0.5681869201285794
SVR,36,9,False,KernelSHAP,0.389010989010989,True,0.22952676199954436,0.5681869201285794
GBRT,71,0,False,PFI,0.47252747252747257,True,0.19039840091180685,0.6781016332667338
GBRT,71,0,False,KernelSHAP,0.7538461538461538,True,0.19039840091180685,0.6781016332667338
LR,71,0,False,PFI,0.7538461538461538,True,0.22058782204216545,0.5723751047491996
LR,71,0,False,KernelSHAP,0.7758241758241758,True,0.22058782204216545,0.5723751047491996
RF,71,0,False,PFI,0.8417582417582418,True,0.20154116097994157,0.6667563927952191
RF,71,0,False,KernelSHAP,0.7054945054945055,True,0.20154116097994157,0.6667563927952191
SVR,71,0,False,PFI,0.6703296703296703,True,0.16868411631148855,0.744092388685067
SVR,71,0,False,KernelSHAP,0.7538461538461538,True,0.16868411631148855,0.744092388685067
GBRT,71,10,False,PFI,0.5252747252747253,True,0.1414256539310691,0.8195159236564468
GBRT,71,10,False,KernelSHAP,0.8241758241758241,True,0.1414256539310691,0.8195159236564468
LR,71,10,False,PFI,0.6395604395604396,True,0.20766046746505834,0.6666983185685069
LR,71,10,False,KernelSHAP,0.7274725274725276,True,0.20766046746505834,0.6666983185685069
RF,71,10,False,PFI,0.9340659340659341,True,0.14909506131719905,0.8044433192509407
RF,71,10,False,KernelSHAP,0.9252747252747253,True,0.14909506131719905,0.8044433192509407
SVR,71,10,False,PFI,0.7318681318681319,True,0.1364735061517487,0.8253135973480387
SVR,71,10,False,KernelSHAP,0.7758241758241758,True,0.1364735061517487,0.8253135973480387
GBRT,71,11,False,PFI,0.6307692307692307,True,0.1336514675025135,0.8437480353412034
GBRT,71,11,False,KernelSHAP,0.8549450549450549,True,0.1336514675025135,0.8437480353412034
LR,71,11,False,PFI,0.8417582417582418,True,0.17827025203566374,0.7070578318900762
LR,71,11,False,KernelSHAP,0.8681318681318682,True,0.17827025203566374,0.7070578318900762
RF,71,11,False,PFI,0.9076923076923077,True,0.1700817691744764,0.7673906161021947
RF,71,11,False,KernelSHAP,0.7010989010989012,True,0.1700817691744764,0.7673906161021947
SVR,71,11,False,PFI,0.8197802197802198,True,0.13919917316926206,0.8375805385097557
SVR,71,11,False,KernelSHAP,0.8725274725274725,True,0.13919917316926206,0.8375805385097557
GBRT,71,12,False,PFI,0.5736263736263736,True,0.15476259097982203,0.7837696322959495
GBRT,71,12,False,KernelSHAP,0.8637362637362638,True,0.15476259097982203,0.7837696322959495
LR,71,12,False,PFI,0.9428571428571428,True,0.21670643500626696,0.6170757477390645
LR,71,12,False,KernelSHAP,0.9208791208791209,True,0.21670643500626696,0.6170757477390645
RF,71,12,False,PFI,0.9428571428571428,True,0.14288279489431568,0.8221813360137333
RF,71,12,False,KernelSHAP,0.7714285714285714,True,0.14288279489431568,0.8221813360137333
SVR,71,12,False,PFI,0.7890109890109891,True,0.16434340029944555,0.8057139719777151
SVR,71,12,False,KernelSHAP,0.7538461538461538,True,0.16434340029944555,0.8057139719777151
GBRT,71,13,False,PFI,0.6703296703296703,True,0.1974951497316665,0.5327675231953288
GBRT,71,13,False,KernelSHAP,0.9076923076923077,True,0.1974951497316665,0.5327675231953288
LR,71,13,False,PFI,0.8769230769230769,True,0.21980398764079542,0.589822831957082
LR,71,13,False,KernelSHAP,0.8241758241758241,True,0.21980398764079542,0.589822831957082
RF,71,13,False,PFI,0.9428571428571428,True,0.15129100187422323,0.7432697318575308
RF,71,13,False,KernelSHAP,0.8725274725274725,True,0.15129100187422323,0.7432697318575308
SVR,71,13,False,PFI,0.7054945054945055,True,0.18710925315563628,0.6638538864793162
SVR,71,13,False,KernelSHAP,0.8461538461538461,True,0.18710925315563628,0.6638538864793162
GBRT,71,14,False,PFI,0.6307692307692307,True,0.1837593363373754,0.6918792121550044
GBRT,71,14,False,KernelSHAP,0.6263736263736264,True,0.1837593363373754,0.6918792121550044
LR,71,14,False,PFI,0.6483516483516484,True,0.2243697577511602,0.5399463780934095
LR,71,14,False,KernelSHAP,0.6263736263736264,True,0.2243697577511602,0.5399463780934095
RF,71,14,False,PFI,0.8989010989010989,True,0.1807957360358026,0.7047176123325865
RF,71,14,False,KernelSHAP,0.745054945054945,True,0.1807957360358026,0.7047176123325865
SVR,71,14,False,PFI,0.6835164835164835,True,0.18473515469483914,0.6447302648079712
SVR,71,14,False,KernelSHAP,0.6395604395604396,True,0.18473515469483914,0.6447302648079712
GBRT,71,15,False,PFI,0.7494505494505495,True,0.20438303952483386,0.6522996203929547
GBRT,71,15,False,KernelSHAP,0.8021978021978022,True,0.20438303952483386,0.6522996203929547
LR,71,15,False,PFI,0.5472527472527472,True,0.21878471921454679,0.6328714078376654
LR,71,15,False,KernelSHAP,0.7098901098901099,True,0.21878471921454679,0.6328714078376654
RF,71,15,False,PFI,0.7494505494505495,True,0.2136971879638407,0.6371194580933095
RF,71,15,False,KernelSHAP,0.9120879120879121,True,0.2136971879638407,0.6371194580933095
SVR,71,15,False,PFI,0.6615384615384616,True,0.1639055280349597,0.7853161059607392
SVR,71,15,False,KernelSHAP,0.5208791208791209,True,0.1639055280349597,0.7853161059607392
GBRT,71,16,False,PFI,0.7802197802197802,True,0.158457411985886,0.7919838182146722
GBRT,71,16,False,KernelSHAP,0.8285714285714285,True,0.158457411985886,0.7919838182146722
LR,71,16,False,PFI,0.8065934065934066,True,0.22726600525161636,0.5351308529659207
LR,71,16,False,KernelSHAP,0.767032967032967,True,0.22726600525161636,0.5351308529659207
RF,71,16,False,PFI,0.8813186813186813,True,0.18902837794393343,0.7101321605908879
RF,71,16,False,KernelSHAP,0.8681318681318682,True,0.18902837794393343,0.7101321605908879
SVR,71,16,False,PFI,0.5560439560439561,True,0.1461627519278442,0.8134279103574042
SVR,71,16,False,KernelSHAP,0.6747252747252748,True,0.1461627519278442,0.8134279103574042
GBRT,71,17,False,PFI,0.6923076923076923,True,0.12824265608220087,0.8449425598850989
GBRT,71,17,False,KernelSHAP,0.8813186813186813,True,0.12824265608220087,0.8449425598850989
LR,71,17,False,PFI,0.8197802197802198,True,0.23892511584717135,0.5259149163115513
LR,71,17,False,KernelSHAP,0.7802197802197802,True,0.23892511584717135,0.5259149163115513
RF,71,17,False,PFI,0.8681318681318682,True,0.15942386617406576,0.7876064515214892
RF,71,17,False,KernelSHAP,0.8901098901098902,True,0.15942386617406576,0.7876064515214892
SVR,71,17,False,PFI,0.5384615384615385,True,0.12497620300616277,0.8557629658300656
SVR,71,17,False,KernelSHAP,0.5692307692307692,True,0.12497620300616277,0.8557629658300656
GBRT,71,18,False,PFI,0.767032967032967,True,0.14781076175388103,0.7642839386037268
GBRT,71,18,False,KernelSHAP,0.6615384615384616,True,0.14781076175388103,0.7642839386037268
LR,71,18,False,PFI,0.6395604395604396,True,0.16703335242839012,0.7589760691386128
LR,71,18,False,KernelSHAP,0.7010989010989012,True,0.16703335242839012,0.7589760691386128
RF,71,18,False,PFI,0.6439560439560439,True,0.17046178594517628,0.7282105623560724
RF,71,18,False,KernelSHAP,0.9164835164835166,True,0.17046178594517628,0.7282105623560724
SVR,71,18,False,PFI,0.7054945054945055,True,0.1372246576328953,0.8221737291089833
SVR,71,18,False,KernelSHAP,0.8901098901098902,True,0.1372246576328953,0.8221737291089833
GBRT,71,19,False,PFI,0.7054945054945055,True,0.14544586245993152,0.8393564625875073
GBRT,71,19,False,KernelSHAP,0.8065934065934066,True,0.14544586245993152,0.8393564625875073
LR,71,19,False,PFI,0.8461538461538461,True,0.1772042675123888,0.7409549145400129
LR,71,19,False,KernelSHAP,0.7582417582417583,True,0.1772042675123888,0.7409549145400129
RF,71,19,False,PFI,0.9428571428571428,True,0.20132735683019043,0.7000790027168817
RF,71,19,False,KernelSHAP,0.7054945054945055,True,0.20132735683019043,0.7000790027168817
SVR,71,19,False,PFI,0.8725274725274725,True,0.13294891481113374,0.8528493645619737
SVR,71,19,False,KernelSHAP,0.6879120879120879,True,0.13294891481113374,0.8528493645619737
GBRT,71,1,False,PFI,0.6615384615384616,True,0.2114257185973647,0.6121593681271067
GBRT,71,1,False,KernelSHAP,0.8241758241758241,True,0.2114257185973647,0.6121593681271067
LR,71,1,False,PFI,0.7714285714285714,True,0.1551304263982927,0.7871210491485525
LR,71,1,False,KernelSHAP,0.7582417582417583,True,0.1551304263982927,0.7871210491485525
RF,71,1,False,PFI,0.8109890109890111,True,0.16490922620629272,0.7637778051455963
RF,71,1,False,KernelSHAP,0.9340659340659341,True,0.16490922620629272,0.7637778051455963
SVR,71,1,False,PFI,0.8285714285714285,True,0.14722627030232166,0.7975240423587824
SVR,71,1,False,KernelSHAP,0.9252747252747253,True,0.14722627030232166,0.7975240423587824
GBRT,71,20,False,PFI,0.9120879120879121,True,0.23567889712249654,0.5521226637750486
GBRT,71,20,False,KernelSHAP,0.8901098901098902,True,0.23567889712249654,0.5521226637750486
LR,71,20,False,PFI,0.9340659340659341,True,0.2206580618169449,0.5973195202220888
LR,71,20,False,KernelSHAP,0.9120879120879121,True,0.2206580618169449,0.5973195202220888
RF,71,20,False,PFI,0.8813186813186813,True,0.23449321857366748,0.5976265166144386
RF,71,20,False,KernelSHAP,0.8989010989010989,True,0.23449321857366748,0.5976265166144386
SVR,71,20,False,PFI,0.8417582417582418,True,0.17904362766547186,0.753041383362635
SVR,71,20,False,KernelSHAP,0.8065934065934066,True,0.17904362766547186,0.753041383362635
GBRT,71,21,False,PFI,0.7230769230769231,True,0.1649712622006173,0.7666087527653536
GBRT,71,21,False,KernelSHAP,0.6703296703296703,True,0.1649712622006173,0.7666087527653536
LR,71,21,False,PFI,0.9604395604395607,True,0.20640600380335394,0.7011823792863077
LR,71,21,False,KernelSHAP,0.8637362637362638,True,0.20640600380335394,0.7011823792863077
RF,71,21,False,PFI,0.5428571428571429,True,0.21861621476642293,0.6725765352476665
RF,71,21,False,KernelSHAP,0.7978021978021977,True,0.21861621476642293,0.6725765352476665
SVR,71,21,False,PFI,0.7142857142857143,True,0.17449637192183476,0.7148864515609835
SVR,71,21,False,KernelSHAP,0.8945054945054945,True,0.17449637192183476,0.7148864515609835
GBRT,71,22,False,PFI,0.7274725274725276,True,0.16978590439368585,0.7729284894169197
GBRT,71,22,False,KernelSHAP,0.9208791208791209,True,0.16978590439368585,0.7729284894169197
LR,71,22,False,PFI,0.4461538461538462,True,0.21704933660176368,0.5935000419281786
LR,71,22,False,KernelSHAP,0.4813186813186813,True,0.21704933660176368,0.5935000419281786
RF,71,22,False,PFI,0.44175824175824174,True,0.2448094160874733,0.4830609361986904
RF,71,22,False,KernelSHAP,0.8109890109890111,True,0.2448094160874733,0.4830609361986904
SVR,71,22,False,PFI,0.8241758241758241,True,0.13254547067938804,0.8515776189462096
SVR,71,22,False,KernelSHAP,0.8945054945054945,True,0.13254547067938804,0.8515776189462096
GBRT,71,23,False,PFI,0.7626373626373627,True,0.21307314435524344,0.6148219519385234
GBRT,71,23,False,KernelSHAP,0.8813186813186813,True,0.21307314435524344,0.6148219519385234
LR,71,23,False,PFI,0.7230769230769231,True,0.21699547005579042,0.6143656821871216
LR,71,23,False,KernelSHAP,0.7538461538461538,True,0.21699547005579042,0.6143656821871216
RF,71,23,False,PFI,0.9648351648351648,True,0.21555555713210672,0.6639346039592116
RF,71,23,False,KernelSHAP,0.9120879120879121,True,0.21555555713210672,0.6639346039592116
SVR,71,23,False,PFI,0.7802197802197802,True,0.19245095115588706,0.6952410592621701
SVR,71,23,False,KernelSHAP,0.7318681318681319,True,0.19245095115588706,0.6952410592621701
GBRT,71,24,False,PFI,0.5956043956043956,True,0.15202436079894985,0.7900021095266481
GBRT,71,24,False,KernelSHAP,0.7758241758241758,True,0.15202436079894985,0.7900021095266481
LR,71,24,False,PFI,0.8505494505494505,True,0.23425184272815613,0.572253285984798
LR,71,24,False,KernelSHAP,0.8725274725274725,True,0.23425184272815613,0.572253285984798
RF,71,24,False,PFI,0.8461538461538461,True,0.17883648670386126,0.7225787321554654
RF,71,24,False,KernelSHAP,0.6307692307692307,True,0.17883648670386126,0.7225787321554654
SVR,71,24,False,PFI,0.7230769230769231,True,0.16108210767503875,0.8082339805973644
SVR,71,24,False,KernelSHAP,0.8901098901098902,True,0.16108210767503875,0.8082339805973644
GBRT,71,25,False,PFI,0.6527472527472528,True,0.15896538791756018,0.7838640232623763
GBRT,71,25,False,KernelSHAP,0.8813186813186813,True,0.15896538791756018,0.7838640232623763
LR,71,25,False,PFI,0.8021978021978022,True,0.2391284519099509,0.5135072144392645
LR,71,25,False,KernelSHAP,0.832967032967033,True,0.2391284519099509,0.5135072144392645
RF,71,25,False,PFI,0.6879120879120879,True,0.19385695627319255,0.717700766086766
RF,71,25,False,KernelSHAP,0.9340659340659341,True,0.19385695627319255,0.717700766086766
SVR,71,25,False,PFI,0.7846153846153847,True,0.13636861957405114,0.8633548558901846
SVR,71,25,False,KernelSHAP,0.7802197802197802,True,0.13636861957405114,0.8633548558901846
GBRT,71,26,False,PFI,0.9032967032967033,True,0.20578054354034686,0.6553945266226395
GBRT,71,26,False,KernelSHAP,0.7362637362637363,True,0.20578054354034686,0.6553945266226395
LR,71,26,False,PFI,0.8417582417582418,True,0.20410896739462736,0.6686650755564202
LR,71,26,False,KernelSHAP,0.7626373626373627,True,0.20410896739462736,0.6686650755564202
RF,71,26,False,PFI,0.6175824175824175,True,0.22148202594766683,0.654715001465501
RF,71,26,False,KernelSHAP,0.8065934065934066,True,0.22148202594766683,0.654715001465501
SVR,71,26,False,PFI,0.5428571428571429,True,0.20361910703432218,0.6972908079568841
SVR,71,26,False,KernelSHAP,0.8197802197802198,True,0.20361910703432218,0.6972908079568841
GBRT,71,27,False,PFI,0.4241758241758242,True,0.1845218474325604,0.67981975042241
GBRT,71,27,False,KernelSHAP,0.832967032967033,True,0.1845218474325604,0.67981975042241
LR,71,27,False,PFI,0.8373626373626375,True,0.2049368203526809,0.6365385986764446
LR,71,27,False,KernelSHAP,0.8417582417582418,True,0.2049368203526809,0.6365385986764446
RF,71,27,False,PFI,0.9208791208791209,True,0.1805612209770885,0.7220175829904009
RF,71,27,False,KernelSHAP,0.7758241758241758,True,0.1805612209770885,0.7220175829904009
SVR,71,27,False,PFI,0.4813186813186813,True,0.17195949710981118,0.7328607897171477
SVR,71,27,False,KernelSHAP,0.8417582417582418,True,0.17195949710981118,0.7328607897171477
GBRT,71,28,False,PFI,0.6835164835164835,True,0.1562336808772234,0.7761743270898563
GBRT,71,28,False,KernelSHAP,0.8769230769230769,True,0.1562336808772234,0.7761743270898563
LR,71,28,False,PFI,0.8461538461538461,True,0.19286615859021733,0.6847437131618264
LR,71,28,False,KernelSHAP,0.8901098901098902,True,0.19286615859021733,0.6847437131618264
RF,71,28,False,PFI,0.5692307692307692,True,0.18976195584520125,0.6113466095671061
RF,71,28,False,KernelSHAP,0.7626373626373627,True,0.18976195584520125,0.6113466095671061
SVR,71,28,False,PFI,0.6835164835164835,True,0.14920289980027335,0.791262990719675
SVR,71,28,False,KernelSHAP,0.8197802197802198,True,0.14920289980027335,0.791262990719675
GBRT,71,29,False,PFI,0.767032967032967,True,0.20466700290801496,0.6267289403096372
GBRT,71,29,False,KernelSHAP,0.7714285714285714,True,0.20466700290801496,0.6267289403096372
LR,71,29,False,PFI,0.6527472527472528,True,0.30454289810645885,0.20023755150160494
LR,71,29,False,KernelSHAP,0.6395604395604396,True,0.30454289810645885,0.20023755150160494
RF,71,29,False,PFI,0.7538461538461538,True,0.19644910206917857,0.6857903360340137
RF,71,29,False,KernelSHAP,0.832967032967033,True,0.19644910206917857,0.6857903360340137
SVR,71,29,False,PFI,0.7802197802197802,True,0.1735525010125877,0.7053930153570642
SVR,71,29,False,KernelSHAP,0.8417582417582418,True,0.1735525010125877,0.7053930153570642
GBRT,71,2,False,PFI,0.745054945054945,True,0.16004402063815654,0.7331338393288964
GBRT,71,2,False,KernelSHAP,0.6835164835164835,True,0.16004402063815654,0.7331338393288964
LR,71,2,False,PFI,0.7230769230769231,True,0.20797026432465135,0.6658840868969034
LR,71,2,False,KernelSHAP,0.6351648351648352,True,0.20797026432465135,0.6658840868969034
RF,71,2,False,PFI,0.8549450549450549,True,0.17731546204151552,0.7215381877581204
RF,71,2,False,KernelSHAP,0.7978021978021977,True,0.17731546204151552,0.7215381877581204
SVR,71,2,False,PFI,0.5384615384615385,True,0.17073400466626085,0.7576594041155832
SVR,71,2,False,KernelSHAP,0.7098901098901099,True,0.17073400466626085,0.7576594041155832
GBRT,71,3,False,PFI,0.44175824175824174,True,0.1775319014757225,0.711752722227105
GBRT,71,3,False,KernelSHAP,0.7186813186813187,True,0.1775319014757225,0.711752722227105
LR,71,3,False,PFI,0.832967032967033,True,0.1965923775139062,0.7361976462297275
LR,71,3,False,KernelSHAP,0.6967032967032967,True,0.1965923775139062,0.7361976462297275
RF,71,3,False,PFI,0.8373626373626375,True,0.1646768237752045,0.7820383130572875
RF,71,3,False,KernelSHAP,0.9296703296703297,True,0.1646768237752045,0.7820383130572875
SVR,71,3,False,PFI,0.7494505494505495,True,0.1440883549625596,0.8430247155964512
SVR,71,3,False,KernelSHAP,0.7230769230769231,True,0.1440883549625596,0.8430247155964512
GBRT,71,4,False,PFI,0.6527472527472528,True,0.1776900652326564,0.7091163117966115
GBRT,71,4,False,KernelSHAP,0.8021978021978022,True,0.1776900652326564,0.7091163117966115
LR,71,4,False,PFI,0.8549450549450549,True,0.21246172441735667,0.6142235861426733
LR,71,4,False,KernelSHAP,0.8417582417582418,True,0.21246172441735667,0.6142235861426733
RF,71,4,False,PFI,0.8197802197802198,True,0.20403145632599423,0.6637812911458216
RF,71,4,False,KernelSHAP,0.7538461538461538,True,0.20403145632599423,0.6637812911458216
SVR,71,4,False,PFI,0.6571428571428571,True,0.1796874644413202,0.7365933731670076
SVR,71,4,False,KernelSHAP,0.9076923076923077,True,0.1796874644413202,0.7365933731670076
GBRT,71,5,False,PFI,0.3934065934065934,True,0.13255928085994864,0.8659703887324776
GBRT,71,5,False,KernelSHAP,0.7846153846153847,True,0.13255928085994864,0.8659703887324776
LR,71,5,False,PFI,0.7230769230769231,True,0.21100159998993118,0.6698643686652832
LR,71,5,False,KernelSHAP,0.7230769230769231,True,0.21100159998993118,0.6698643686652832
RF,71,5,False,PFI,0.7494505494505495,True,0.17494757204613665,0.795860502930504
RF,71,5,False,KernelSHAP,0.6703296703296703,True,0.17494757204613665,0.795860502930504
SVR,71,5,False,PFI,0.6703296703296703,True,0.19325283680203706,0.7456000445868611
SVR,71,5,False,KernelSHAP,0.5956043956043956,True,0.19325283680203706,0.7456000445868611
GBRT,71,6,False,PFI,0.5648351648351648,True,0.19177458895121488,0.6432715062407377
GBRT,71,6,False,KernelSHAP,0.665934065934066,True,0.19177458895121488,0.6432715062407377
LR,71,6,False,PFI,0.9428571428571428,True,0.24065285057331975,0.5396181605437247
LR,71,6,False,KernelSHAP,0.8857142857142857,True,0.24065285057331975,0.5396181605437247
RF,71,6,False,PFI,0.7142857142857143,True,0.19291371085696138,0.7050009782346934
RF,71,6,False,KernelSHAP,0.8857142857142857,True,0.19291371085696138,0.7050009782346934
SVR,71,6,False,PFI,0.7934065934065934,True,0.16766157464142342,0.7649057097265126
SVR,71,6,False,KernelSHAP,0.8549450549450549,True,0.16766157464142342,0.7649057097265126
GBRT,71,7,False,PFI,0.7230769230769231,True,0.22465937903233751,0.5423298627512361
GBRT,71,7,False,KernelSHAP,0.8637362637362638,True,0.22465937903233751,0.5423298627512361
LR,71,7,False,PFI,0.8857142857142857,True,0.23788011108035478,0.4936491245131316
LR,71,7,False,KernelSHAP,0.8945054945054945,True,0.23788011108035478,0.4936491245131316
RF,71,7,False,PFI,0.8461538461538461,True,0.24842206828211294,0.5348133115009336
RF,71,7,False,KernelSHAP,0.7186813186813187,True,0.24842206828211294,0.5348133115009336
SVR,71,7,False,PFI,0.745054945054945,True,0.19397828701537712,0.6231483013423944
SVR,71,7,False,KernelSHAP,0.7318681318681319,True,0.19397828701537712,0.6231483013423944
GBRT,71,8,False,PFI,0.6923076923076923,True,0.1441267902718756,0.8209162629355413
GBRT,71,8,False,KernelSHAP,0.8549450549450549,True,0.1441267902718756,0.8209162629355413
LR,71,8,False,PFI,0.3186813186813187,True,0.20401307529033263,0.6681336113080217
LR,71,8,False,KernelSHAP,0.37142857142857144,True,0.20401307529033263,0.6681336113080217
RF,71,8,False,PFI,0.9208791208791209,True,0.1792312013151267,0.7698198372443189
RF,71,8,False,KernelSHAP,0.7802197802197802,True,0.1792312013151267,0.7698198372443189
SVR,71,8,False,PFI,0.45054945054945056,True,0.16378005779664215,0.7879401829268301
SVR,71,8,False,KernelSHAP,0.45494505494505494,True,0.16378005779664215,0.7879401829268301
GBRT,71,9,False,PFI,0.7626373626373627,True,0.21179008263498464,0.6462649119612129
GBRT,71,9,False,KernelSHAP,0.7010989010989012,True,0.21179008263498464,0.6462649119612129
LR,71,9,False,PFI,0.7494505494505495,True,0.21371481997345665,0.6145059499987271
LR,71,9,False,KernelSHAP,0.7494505494505495,True,0.21371481997345665,0.6145059499987271
RF,71,9,False,PFI,0.7934065934065934,True,0.1952375452449192,0.6666970569281837
RF,71,9,False,KernelSHAP,0.832967032967033,True,0.1952375452449192,0.6666970569281837
SVR,71,9,False,PFI,0.39780219780219783,True,0.15728977062763017,0.6993465355290756
SVR,71,9,False,KernelSHAP,0.4945054945054946,True,0.15728977062763017,0.6993465355290756
